grain,period,week_start,route_group,route_id,headways,p50_headway_min,p90_headway_min,mean_rider_wait_min,p50_rider_wait_min,p90_rider_wait_min
period_group,Baseline,,All Nighter,,96205.0,56.0,63.0,27.26480275661561,24.333333333333332,53.1
period_group,Baseline,,Early Bird,,10.0,9.0,11.0,4.612359550561798,4.45,8.683333333333334
period_group,Baseline,,Local / other,,4876631.0,27.0,50.0,18.454976732170273,14.983333333333333,38.56666666666667
period_group,Baseline,,School,,15645.0,25.0,62.0,26.75743614837193,23.3,54.3
period_group,Baseline,,Transbay,,166443.0,29.0,55.0,19.48454773771056,16.166666666666668,39.86666666666667
period_group,Post-shift,,All Nighter,,32573.0,56.0,64.0,26.669845818384463,24.216666666666665,52.333333333333336
period_group,Post-shift,,Early Bird,,6.0,16.0,22.0,8.347826086956522,7.8,15.7
period_group,Post-shift,,Local / other,,1554843.0,27.0,51.0,18.830011596455385,15.2,39.38333333333333
period_group,Post-shift,,School,,5342.0,6.0,49.0,22.0407379639051,16.55,47.5
period_group,Post-shift,,Transbay,,56461.0,29.0,53.0,19.152416094967986,15.783333333333333,39.15
period_group,Summer,,All Nighter,,202089.0,56.0,64.0,27.00415677776471,24.133333333333333,52.93333333333333
period_group,Summer,,Early Bird,,33.0,10.0,20.0,8.105194805194806,6.066666666666666,19.133333333333333
period_group,Summer,,Local / other,,9461288.0,27.0,53.0,18.894345733948573,15.216666666666667,39.766666666666666
period_group,Summer,,Transbay,,328983.0,29.0,54.0,19.392363699380205,16.116666666666667,39.36666666666667
period_route,Baseline,,All Nighter,800,39894.0,30.0,36.0,16.481490266684585,15.533333333333333,29.3
period_route,Baseline,,All Nighter,801,18284.0,60.0,66.0,30.666880267947352,30.033333333333335,54.93333333333333
period_route,Baseline,,All Nighter,802,6000.0,60.0,62.0,30.225843925485286,30.033333333333335,54.083333333333336
period_route,Baseline,,All Nighter,805,12831.0,60.0,65.0,31.441456512840592,30.666666666666668,55.43333333333333
period_route,Baseline,,All Nighter,840,8263.0,60.0,63.0,31.848310733389877,30.9,55.68333333333333
period_route,Baseline,,All Nighter,851,10933.0,59.0,67.0,31.67402465759176,30.516666666666666,55.85
period_route,Baseline,,Early Bird,701,10.0,9.0,11.0,4.612359550561798,4.45,8.683333333333334
period_route,Baseline,,Local / other,12,174602.0,25.0,35.0,15.285835832334579,13.216666666666667,28.75
period_route,Baseline,,Local / other,14,130729.0,21.0,40.0,15.22799727083521,12.55,31.3
period_route,Baseline,,Local / other,18,272756.0,17.0,28.0,10.705256970928046,9.333333333333334,20.85
period_route,Baseline,,Local / other,19,28989.0,64.0,69.0,32.02283156693737,31.666666666666668,58.31666666666667
period_route,Baseline,,Local / other,1T,158693.0,13.0,30.0,11.994156165031047,8.6,26.35
period_route,Baseline,,Local / other,200,88100.0,30.0,36.0,16.59199855925432,15.616666666666667,29.55
period_route,Baseline,,Local / other,210,72666.0,30.0,36.0,16.88789680761734,15.75,29.716666666666665
period_route,Baseline,,Local / other,211,89626.0,30.0,35.0,16.47460030090949,15.5,29.116666666666667
period_route,Baseline,,Local / other,216,30840.0,60.0,66.0,30.41947083031011,29.583333333333332,55.016666666666666
period_route,Baseline,,Local / other,22,118057.0,30.0,36.0,16.172613039612724,15.4,28.95
period_route,Baseline,,Local / other,231,50066.0,40.0,48.0,22.20618545469359,21.1,39.13333333333333
period_route,Baseline,,Local / other,239,58298.0,31.0,60.0,20.76693596788197,18.1,43.63333333333333
period_route,Baseline,,Local / other,251,15238.0,60.0,65.0,30.460439442564237,30.1,54.63333333333333
period_route,Baseline,,Local / other,27,99106.0,30.0,36.0,16.718317592512953,15.716666666666667,29.566666666666666
period_route,Baseline,,Local / other,28,83992.0,40.0,49.0,22.450375976981025,21.083333333333332,39.81666666666667
period_route,Baseline,,Local / other,281,23307.0,60.0,65.0,30.963886982504672,30.483333333333334,55.18333333333333
period_route,Baseline,,Local / other,30,74191.0,31.0,59.0,21.009714145050616,17.866666666666667,43.833333333333336
period_route,Baseline,,Local / other,31,89751.0,30.0,57.0,19.622592255959457,17.15,38.75
period_route,Baseline,,Local / other,34,62754.0,42.0,63.0,25.424185243445947,23.45,48.733333333333334
period_route,Baseline,,Local / other,35,61491.0,42.0,64.0,25.78753209417323,23.716666666666665,49.63333333333333
period_route,Baseline,,Local / other,36,117449.0,30.0,37.0,16.669906906362787,15.683333333333334,29.633333333333333
period_route,Baseline,,Local / other,40,208433.0,16.0,31.0,12.780745264544414,9.733333333333333,27.033333333333335
period_route,Baseline,,Local / other,41,29683.0,60.0,64.0,30.652853893021973,30.1,54.65
period_route,Baseline,,Local / other,45,93336.0,27.0,37.0,16.6944836350114,14.0,31.183333333333334
period_route,Baseline,,Local / other,46L,6166.0,62.0,65.0,31.01705367239067,30.85,55.61666666666667
period_route,Baseline,,Local / other,51A,147173.0,15.0,30.0,11.976034206558612,9.1,25.033333333333335
period_route,Baseline,,Local / other,51B,119959.0,15.0,25.0,10.277544449254988,8.366666666666667,20.5
period_route,Baseline,,Local / other,52,73695.0,17.0,31.0,12.122584789062705,9.933333333333334,24.266666666666666
period_route,Baseline,,Local / other,54,65234.0,23.0,33.0,14.23782662484613,12.566666666666666,27.15
period_route,Baseline,,Local / other,56,50131.0,42.0,64.0,25.591428168616947,23.65,49.2
period_route,Baseline,,Local / other,57,260805.0,16.0,26.0,10.545686847397585,8.933333333333334,20.3
period_route,Baseline,,Local / other,6,103203.0,14.0,24.0,9.80612320225517,8.066666666666666,19.3
period_route,Baseline,,Local / other,60,46097.0,45.0,78.0,26.377188229720755,23.65,48.36666666666667
period_route,Baseline,,Local / other,62,116939.0,21.0,39.0,15.11756130041482,12.416666666666666,30.716666666666665
period_route,Baseline,,Local / other,65,22295.0,46.0,89.0,28.516450018356092,25.816666666666666,55.63333333333333
period_route,Baseline,,Local / other,67,9191.0,60.0,64.0,31.04297001501128,30.416666666666668,54.86666666666667
period_route,Baseline,,Local / other,7,58593.0,60.0,66.0,31.109171908196945,30.5,55.233333333333334
period_route,Baseline,,Local / other,70,59927.0,32.0,61.0,21.343556251128636,18.733333333333334,45.1
period_route,Baseline,,Local / other,71,64423.0,31.0,61.0,21.991427073518174,18.85,47.233333333333334
period_route,Baseline,,Local / other,72,131450.0,31.0,57.0,20.98467427423437,17.666666666666668,42.65
period_route,Baseline,,Local / other,72L,31372.0,31.0,52.0,19.435144250231904,17.0,36.833333333333336
period_route,Baseline,,Local / other,72M,153066.0,31.0,53.0,19.909791034478378,17.2,38.8
period_route,Baseline,,Local / other,73,49347.0,21.0,41.0,15.157448324549199,12.4,32.6
period_route,Baseline,,Local / other,74,76410.0,30.0,39.0,17.537062405126772,15.783333333333333,31.316666666666666
period_route,Baseline,,Local / other,76,136630.0,30.0,41.0,18.15515911794943,16.216666666666665,33.3
period_route,Baseline,,Local / other,86,92972.0,32.0,36.0,16.855428356033308,16.35,29.916666666666668
period_route,Baseline,,Local / other,88,151985.0,21.0,31.0,13.088776144260766,11.483333333333333,24.433333333333334
period_route,Baseline,,Local / other,9,215666.0,16.0,28.0,10.765576538954253,9.15,21.366666666666667
period_route,Baseline,,Local / other,90,45799.0,22.0,40.0,16.153761884087057,13.083333333333334,32.21666666666667
period_route,Baseline,,Local / other,93,59566.0,41.0,64.0,25.488395273934703,23.433333333333334,49.416666666666664
period_route,Baseline,,Local / other,95,22754.0,40.0,44.0,21.52792476779389,20.566666666666666,37.61666666666667
period_route,Baseline,,Local / other,96,71125.0,30.0,37.0,17.202462419451237,15.9,30.466666666666665
period_route,Baseline,,Local / other,97,122816.0,20.0,34.0,13.584525337845173,11.5,26.916666666666668
period_route,Baseline,,Local / other,98,79689.0,22.0,36.0,15.093839927830947,12.5,29.133333333333333
period_route,Baseline,,School,604,217.0,42.0,50.0,21.841568449682686,20.833333333333332,40.45
period_route,Baseline,,School,621,503.0,24.0,52.0,18.92379458388375,16.75,39.21666666666667
period_route,Baseline,,School,623,1773.0,5.0,35.0,23.263906825465153,14.216666666666667,66.11666666666666
period_route,Baseline,,School,624,141.0,55.0,118.0,35.97833296484634,32.083333333333336,73.58333333333333
period_route,Baseline,,School,625,433.0,8.0,54.0,33.12230623818525,26.416666666666668,82.06666666666666
period_route,Baseline,,School,631,473.0,11.0,28.0,10.36804068522484,8.2,22.866666666666667
period_route,Baseline,,School,641,92.0,2.0,8.0,2.865325077399381,2.0166666666666666,6.8
period_route,Baseline,,School,646,876.0,33.0,65.0,25.5909663935242,20.233333333333334,57.55
period_route,Baseline,,School,648,200.0,4.0,11.0,3.8949494949494947,2.8833333333333333,8.883333333333333
period_route,Baseline,,School,649,353.0,44.0,93.0,30.80643994211288,26.416666666666668,69.66666666666667
period_route,Baseline,,School,653,171.0,8.0,13.0,4.865126676602086,4.333333333333333,9.983333333333333
period_route,Baseline,,School,654,284.0,5.0,16.0,5.74483306836248,4.6,12.933333333333334
period_route,Baseline,,School,655,284.0,2.0,4.0,1.565063649222065,1.35,3.283333333333333
period_route,Baseline,,School,657,843.0,9.0,18.0,10.875417710944026,6.933333333333334,29.633333333333333
period_route,Baseline,,School,658,293.0,6.0,8.0,3.626086956521739,3.2333333333333334,6.65
period_route,Baseline,,School,660,38.0,104.0,108.0,52.61661661661662,52.583333333333336,94.65
period_route,Baseline,,School,663,54.0,37.0,53.0,22.115551694178976,21.316666666666666,42.15
period_route,Baseline,,School,667,1161.0,49.0,60.0,27.017345171433856,25.616666666666667,49.1
period_route,Baseline,,School,669,715.0,60.0,73.0,31.546942029962043,31.15,56.266666666666666
period_route,Baseline,,School,675,2602.0,31.0,59.0,22.500451548812425,20.883333333333333,45.65
period_route,Baseline,,School,678,443.0,71.0,82.0,36.72873310863044,36.5,65.7
period_route,Baseline,,School,682,552.0,6.0,15.0,5.527393879565647,4.516666666666667,11.683333333333334
period_route,Baseline,,School,684,1467.0,47.0,59.0,27.61812124831076,25.766666666666666,50.916666666666664
period_route,Baseline,,School,687,47.0,2.0,3.0,1.0432098765432098,0.8666666666666667,2.0
period_route,Baseline,,School,689,1630.0,44.0,81.0,29.05833909599547,25.466666666666665,60.93333333333333
period_route,Baseline,,Transbay,E,1041.0,40.0,60.0,23.059707202611712,19.5,45.8
period_route,Baseline,,Transbay,F,63452.0,30.0,37.0,16.520496598161564,15.183333333333334,29.916666666666668
period_route,Baseline,,Transbay,FS,489.0,106.0,111.0,53.137335954211714,53.06666666666667,95.56666666666666
period_route,Baseline,,Transbay,G,3117.0,32.0,51.0,19.805287857202714,17.366666666666667,39.583333333333336
period_route,Baseline,,Transbay,J,1941.0,44.0,76.0,26.924297443275897,23.583333333333332,53.45
period_route,Baseline,,Transbay,L,2117.0,30.0,61.0,22.650110903866512,18.916666666666668,48.4
period_route,Baseline,,Transbay,NL,46613.0,24.0,43.0,17.288109937385016,13.783333333333333,35.516666666666666
period_route,Baseline,,Transbay,NX,2025.0,29.0,55.0,18.660452297290544,15.8,38.96666666666667
period_route,Baseline,,Transbay,NX3,1685.0,27.0,48.0,17.023690218818825,14.8,33.93333333333333
period_route,Baseline,,Transbay,O,35143.0,32.0,63.0,23.919092572216307,19.716666666666665,51.1
period_route,Baseline,,Transbay,P,2133.0,26.0,43.0,17.12706948025512,14.416666666666666,34.416666666666664
period_route,Baseline,,Transbay,V,2693.0,36.0,54.0,21.123567625133123,18.716666666666665,41.28333333333333
period_route,Baseline,,Transbay,W,3994.0,24.0,48.0,16.675162811587693,14.15,34.733333333333334
period_route,Post-shift,,All Nighter,800,13262.0,30.0,37.0,16.329384876202873,15.566666666666666,29.283333333333335
period_route,Post-shift,,All Nighter,801,6559.0,60.0,66.0,30.011396103980513,29.733333333333334,54.2
period_route,Post-shift,,All Nighter,802,1947.0,59.0,64.0,30.16804718443258,29.833333333333332,53.81666666666667
period_route,Post-shift,,All Nighter,805,4143.0,60.0,66.0,30.69314725281762,30.166666666666668,55.1
period_route,Post-shift,,All Nighter,840,2664.0,60.0,65.0,30.364848371629613,30.15,54.38333333333333
period_route,Post-shift,,All Nighter,851,3998.0,60.0,66.0,30.669348402330648,30.283333333333335,54.85
period_route,Post-shift,,Early Bird,701,6.0,16.0,22.0,8.347826086956522,7.8,15.7
period_route,Post-shift,,Local / other,12,58102.0,23.0,36.0,15.077712228225126,12.966666666666667,29.083333333333332
period_route,Post-shift,,Local / other,14,39960.0,21.0,44.0,16.851690268624644,13.3,36.61666666666667
period_route,Post-shift,,Local / other,18,80233.0,17.0,32.0,13.450250079475751,10.25,28.316666666666666
period_route,Post-shift,,Local / other,19,7908.0,63.0,71.0,31.31108948046313,30.4,58.13333333333333
period_route,Post-shift,,Local / other,1T,51474.0,13.0,31.0,12.86099950305362,8.866666666666667,28.116666666666667
period_route,Post-shift,,Local / other,200,29178.0,30.0,37.0,16.678470757372036,15.55,29.5
period_route,Post-shift,,Local / other,210,23770.0,30.0,37.0,16.72882293442452,15.583333333333334,29.616666666666667
period_route,Post-shift,,Local / other,211,29042.0,30.0,36.0,16.910085850642112,15.633333333333333,29.716666666666665
period_route,Post-shift,,Local / other,216,9789.0,60.0,67.0,30.990270005620086,29.95,55.88333333333333
period_route,Post-shift,,Local / other,22,36486.0,30.0,38.0,17.351674707098553,16.0,30.55
period_route,Post-shift,,Local / other,231,16188.0,40.0,47.0,22.22360220422353,20.983333333333334,38.95
period_route,Post-shift,,Local / other,239,19010.0,30.0,53.0,19.04382711669816,16.65,36.31666666666667
period_route,Post-shift,,Local / other,251,4578.0,60.0,65.0,31.419058890530174,30.7,55.416666666666664
period_route,Post-shift,,Local / other,27,31888.0,30.0,35.0,16.76380633816201,15.716666666666667,29.216666666666665
period_route,Post-shift,,Local / other,28,26164.0,40.0,51.0,23.53036367468244,21.533333333333335,41.71666666666667
period_route,Post-shift,,Local / other,281,7409.0,60.0,67.0,31.723647519347754,30.816666666666666,56.1
period_route,Post-shift,,Local / other,30,22498.0,31.0,61.0,22.55580375433091,18.383333333333333,49.233333333333334
period_route,Post-shift,,Local / other,31,27764.0,31.0,59.0,20.701866138092978,17.75,42.733333333333334
period_route,Post-shift,,Local / other,34,20884.0,41.0,65.0,25.585727673288567,23.2,49.36666666666667
period_route,Post-shift,,Local / other,35,20057.0,41.0,66.0,25.555433514513208,23.3,49.4
period_route,Post-shift,,Local / other,36,36147.0,31.0,45.0,18.484836999628516,16.633333333333333,33.21666666666667
period_route,Post-shift,,Local / other,40,69629.0,16.0,30.0,12.46217427530821,9.583333333333334,25.75
period_route,Post-shift,,Local / other,41,9642.0,60.0,64.0,31.005268723730318,30.316666666666666,55.03333333333333
period_route,Post-shift,,Local / other,45,30065.0,26.0,42.0,17.517661425009194,14.366666666666667,34.833333333333336
period_route,Post-shift,,Local / other,46L,2321.0,61.0,67.0,31.138973958297,30.9,55.75
period_route,Post-shift,,Local / other,51A,50717.0,15.0,28.0,11.863259833734645,8.85,24.466666666666665
period_route,Post-shift,,Local / other,51B,37317.0,15.0,28.0,11.544088517511467,8.833333333333334,23.7
period_route,Post-shift,,Local / other,52,23529.0,17.0,31.0,12.258320840235497,9.916666666666666,24.733333333333334
period_route,Post-shift,,Local / other,54,18821.0,23.0,42.0,16.382135371963514,13.516666666666667,33.9
period_route,Post-shift,,Local / other,56,17549.0,41.0,61.0,23.512673146053828,22.183333333333334,42.916666666666664
period_route,Post-shift,,Local / other,57,87232.0,16.0,24.0,10.239299147983557,8.766666666666667,19.183333333333334
period_route,Post-shift,,Local / other,6,32925.0,14.0,25.0,10.422161285100938,8.166666666666666,20.816666666666666
period_route,Post-shift,,Local / other,60,13546.0,45.0,88.0,27.471577743696937,23.783333333333335,55.65
period_route,Post-shift,,Local / other,62,35873.0,22.0,41.0,16.429349391295595,13.333333333333334,33.583333333333336
period_route,Post-shift,,Local / other,65,8207.0,45.0,88.0,27.882309221783558,25.516666666666666,51.96666666666667
period_route,Post-shift,,Local / other,67,3559.0,60.0,64.0,30.67401415805965,30.266666666666666,54.55
period_route,Post-shift,,Local / other,7,18026.0,60.0,67.0,31.20370815510042,30.516666666666666,55.63333333333333
period_route,Post-shift,,Local / other,70,20104.0,31.0,58.0,19.292036328285793,17.183333333333334,37.083333333333336
period_route,Post-shift,,Local / other,71,21869.0,30.0,58.0,19.087426434341015,16.9,37.28333333333333
period_route,Post-shift,,Local / other,72,43311.0,30.0,48.0,19.634733996754644,16.916666666666668,37.666666666666664
period_route,Post-shift,,Local / other,72L,10193.0,31.0,45.0,19.15920688595143,16.883333333333333,35.8
period_route,Post-shift,,Local / other,72M,48349.0,31.0,59.0,20.732466041695258,17.716666666666665,42.28333333333333
period_route,Post-shift,,Local / other,73,16088.0,21.0,40.0,14.7435241629232,12.4,30.35
period_route,Post-shift,,Local / other,74,25687.0,30.0,36.0,17.063579139409946,15.683333333333334,29.966666666666665
period_route,Post-shift,,Local / other,76,43162.0,30.0,49.0,18.90869414408834,16.65,35.0
period_route,Post-shift,,Local / other,86,28200.0,32.0,39.0,18.467942197965765,17.183333333333334,32.1
period_route,Post-shift,,Local / other,88,46879.0,21.0,36.0,14.528416522622377,12.133333333333333,28.683333333333334
period_route,Post-shift,,Local / other,9,65100.0,17.0,32.0,12.450255518583571,10.0,25.816666666666666
period_route,Post-shift,,Local / other,90,14205.0,22.0,43.0,16.922748923601723,13.683333333333334,35.31666666666667
period_route,Post-shift,,Local / other,93,18506.0,41.0,67.0,25.771778218026302,23.25,50.28333333333333
period_route,Post-shift,,Local / other,95,7042.0,40.0,45.0,22.283550105456708,21.083333333333332,38.56666666666667
period_route,Post-shift,,Local / other,96,22320.0,31.0,54.0,18.56322094800504,16.716666666666665,34.166666666666664
period_route,Post-shift,,Local / other,97,41768.0,20.0,33.0,13.443346591606485,11.1,26.65
period_route,Post-shift,,Local / other,98,24573.0,21.0,42.0,16.05153353913837,13.116666666666667,33.65
period_route,Post-shift,,School,621,309.0,25.0,52.0,19.242145328719726,16.9,39.3
period_route,Post-shift,,School,623,865.0,4.0,29.0,22.822191455696203,11.733333333333333,72.06666666666666
period_route,Post-shift,,School,624,80.0,52.0,115.0,36.86219536358233,31.55,83.15
period_route,Post-shift,,School,625,256.0,4.0,51.0,31.59437984496124,25.333333333333332,78.0
period_route,Post-shift,,School,631,287.0,15.0,31.0,11.185894822666123,9.383333333333333,23.416666666666668
period_route,Post-shift,,School,641,21.0,2.0,3.0,1.2555555555555555,1.1,2.566666666666667
period_route,Post-shift,,School,646,648.0,37.0,53.0,23.71747388414055,20.383333333333333,45.55
period_route,Post-shift,,School,648,108.0,2.0,4.0,1.2574257425742574,0.95,2.8333333333333335
period_route,Post-shift,,School,649,288.0,45.0,50.0,21.88521850899743,21.333333333333332,42.5
period_route,Post-shift,,School,653,179.0,3.0,9.0,3.735074626865672,2.6,9.283333333333333
period_route,Post-shift,,School,654,270.0,2.0,7.0,2.619711042311662,2.0,5.8
period_route,Post-shift,,School,655,235.0,2.0,6.0,2.7604166666666665,1.9166666666666667,6.283333333333333
period_route,Post-shift,,School,657,697.0,9.0,20.0,9.587288024188247,7.45,20.8
period_route,Post-shift,,School,658,206.0,4.0,11.0,3.8596757852077,2.8666666666666667,9.216666666666667
period_route,Post-shift,,School,660,16.0,100.0,100.0,49.845454545454544,49.85,89.73333333333333
period_route,Post-shift,,School,663,26.0,53.0,56.0,26.874910394265232,26.833333333333332,48.3
period_route,Post-shift,,School,667,51.0,54.0,57.0,27.291151106111734,26.15,49.81666666666667
period_route,Post-shift,,School,669,33.0,54.0,56.0,27.061344537815124,27.05,48.68333333333333
period_route,Post-shift,,School,675,141.0,38.0,61.0,24.335920177383592,23.016666666666666,49.06666666666667
period_route,Post-shift,,School,678,21.0,55.0,56.0,27.340592334494772,27.333333333333332,49.2
period_route,Post-shift,,School,682,391.0,3.0,11.0,3.7789585547290114,2.783333333333333,8.683333333333334
period_route,Post-shift,,School,684,67.0,55.0,64.0,28.873097991479003,25.616666666666667,55.68333333333333
period_route,Post-shift,,School,687,80.0,3.0,4.0,1.5485436893203883,1.3833333333333333,3.0833333333333335
period_route,Post-shift,,School,689,67.0,39.0,62.0,22.117977528089888,19.933333333333334,43.75
period_route,Post-shift,,Transbay,E,379.0,36.0,63.0,22.190727656784908,19.166666666666668,45.1
period_route,Post-shift,,Transbay,F,20452.0,30.0,38.0,17.322380855480038,15.333333333333334,31.133333333333333
period_route,Post-shift,,Transbay,FS,178.0,107.0,113.0,53.500526343491764,53.38333333333333,96.06666666666666
period_route,Post-shift,,Transbay,G,1243.0,29.0,53.0,18.89911769808422,16.416666666666668,38.95
period_route,Post-shift,,Transbay,J,801.0,42.0,77.0,27.098429935173282,23.883333333333333,54.916666666666664
period_route,Post-shift,,Transbay,L,844.0,26.0,60.0,22.439959722838516,18.05,49.36666666666667
period_route,Post-shift,,Transbay,NL,16420.0,23.0,37.0,15.427944828130938,12.7,30.316666666666666
period_route,Post-shift,,Transbay,NX,665.0,30.0,69.0,25.027732223203397,19.35,55.233333333333334
period_route,Post-shift,,Transbay,NX3,668.0,26.0,50.0,15.900153357432357,13.716666666666667,31.566666666666666
period_route,Post-shift,,Transbay,O,11563.0,31.0,62.0,22.626834423306285,18.883333333333333,48.68333333333333
period_route,Post-shift,,Transbay,P,814.0,24.0,42.0,15.960406282328599,13.583333333333334,32.65
period_route,Post-shift,,Transbay,V,1071.0,35.0,55.0,21.881720577360245,19.033333333333335,42.85
period_route,Post-shift,,Transbay,W,1363.0,26.0,51.0,18.32654246188024,14.933333333333334,39.166666666666664
period_route,Summer,,All Nighter,800,84992.0,30.0,36.0,16.449671052129695,15.5,29.133333333333333
period_route,Summer,,All Nighter,801,37141.0,60.0,66.0,31.056176590482057,30.183333333333334,55.56666666666667
period_route,Summer,,All Nighter,802,13154.0,60.0,63.0,30.20489610942674,29.916666666666668,54.016666666666666
period_route,Summer,,All Nighter,805,25417.0,60.0,65.0,31.357985613915115,30.616666666666667,55.416666666666664
period_route,Summer,,All Nighter,840,16322.0,60.0,64.0,31.526850792075955,30.766666666666666,55.55
period_route,Summer,,All Nighter,851,25063.0,60.0,67.0,30.28023596642625,29.75,54.666666666666664
period_route,Summer,,Early Bird,701,33.0,10.0,20.0,8.105194805194806,6.066666666666666,19.133333333333333
period_route,Summer,,Local / other,12,340281.0,25.0,37.0,15.659156315248847,13.416666666666666,29.966666666666665
period_route,Summer,,Local / other,14,264943.0,22.0,38.0,14.975627170262225,12.4,30.066666666666666
period_route,Summer,,Local / other,18,525922.0,17.0,29.0,11.50141722338592,9.666666666666666,22.783333333333335
period_route,Summer,,Local / other,19,55484.0,63.0,70.0,31.06402705057516,30.233333333333334,57.8
period_route,Summer,,Local / other,1T,298831.0,12.0,32.0,13.737247210527581,9.083333333333334,31.133333333333333
period_route,Summer,,Local / other,200,170488.0,30.0,39.0,17.99372841991146,16.133333333333333,31.866666666666667
period_route,Summer,,Local / other,210,147556.0,30.0,36.0,16.24610811980499,15.466666666666667,28.9
period_route,Summer,,Local / other,211,176986.0,30.0,35.0,16.70454862482474,15.616666666666667,29.266666666666666
period_route,Summer,,Local / other,216,57938.0,60.0,67.0,31.310616757074893,30.1,55.9
period_route,Summer,,Local / other,22,225778.0,30.0,38.0,17.278684418678804,15.966666666666667,30.533333333333335
period_route,Summer,,Local / other,231,92001.0,41.0,49.0,23.643914048476994,21.766666666666666,41.28333333333333
period_route,Summer,,Local / other,239,109402.0,31.0,61.0,21.496311214463464,18.316666666666666,45.75
period_route,Summer,,Local / other,251,27789.0,60.0,66.0,32.00802316462569,31.033333333333335,56.21666666666667
period_route,Summer,,Local / other,27,193824.0,30.0,38.0,17.48241836834,16.016666666666666,30.8
period_route,Summer,,Local / other,28,165676.0,40.0,48.0,22.465127792867587,21.166666666666668,39.53333333333333
period_route,Summer,,Local / other,281,44856.0,60.0,65.0,31.115892570651717,30.533333333333335,55.2
period_route,Summer,,Local / other,30,157346.0,30.0,53.0,19.159182241895607,16.616666666666667,37.31666666666667
period_route,Summer,,Local / other,31,171189.0,31.0,59.0,20.65678390047547,17.633333333333333,42.63333333333333
period_route,Summer,,Local / other,34,115291.0,42.0,67.0,26.585541864912596,23.916666666666668,51.81666666666667
period_route,Summer,,Local / other,35,115996.0,42.0,67.0,26.363838704122806,23.9,51.11666666666667
period_route,Summer,,Local / other,36,230635.0,30.0,37.0,16.99421722980547,15.883333333333333,29.883333333333333
period_route,Summer,,Local / other,40,413415.0,16.0,32.0,12.807629764385435,9.75,27.216666666666665
period_route,Summer,,Local / other,41,56534.0,60.0,64.0,31.133448903272004,30.4,55.13333333333333
period_route,Summer,,Local / other,45,187234.0,27.0,36.0,15.970134122858585,13.683333333333334,29.833333333333332
period_route,Summer,,Local / other,46L,12772.0,61.0,65.0,30.909361386762694,30.75,55.43333333333333
period_route,Summer,,Local / other,51A,299157.0,15.0,29.0,11.909199551785308,8.983333333333333,25.133333333333333
period_route,Summer,,Local / other,51B,232272.0,15.0,26.0,10.91349068149417,8.616666666666667,21.95
period_route,Summer,,Local / other,52,145104.0,18.0,31.0,12.107785555959076,10.116666666666667,24.333333333333332
period_route,Summer,,Local / other,54,131620.0,22.0,33.0,14.074524439339747,12.35,26.8
period_route,Summer,,Local / other,56,101113.0,41.0,62.0,24.946267251203512,23.15,47.0
period_route,Summer,,Local / other,57,511369.0,16.0,26.0,10.865864503184438,9.05,21.166666666666668
period_route,Summer,,Local / other,6,201788.0,14.0,24.0,9.63302614760695,8.116666666666667,19.1
period_route,Summer,,Local / other,60,89437.0,45.0,55.0,25.757482225526292,23.366666666666667,45.93333333333333
period_route,Summer,,Local / other,62,225150.0,21.0,40.0,15.622117604511114,12.683333333333334,32.18333333333333
period_route,Summer,,Local / other,65,47639.0,46.0,87.0,27.538728682480134,25.25,49.95
period_route,Summer,,Local / other,67,18768.0,60.0,63.0,31.43598979086908,30.7,55.4
period_route,Summer,,Local / other,7,116736.0,60.0,66.0,30.76009583696272,30.333333333333332,54.833333333333336
period_route,Summer,,Local / other,70,109908.0,31.0,62.0,22.920188127992457,19.416666666666668,48.983333333333334
period_route,Summer,,Local / other,71,124499.0,31.0,61.0,21.783500098226114,18.7,46.6
period_route,Summer,,Local / other,72,247514.0,31.0,60.0,21.876052750976147,18.316666666666666,46.03333333333333
period_route,Summer,,Local / other,72L,62885.0,31.0,50.0,19.158772021019207,16.883333333333333,35.78333333333333
period_route,Summer,,Local / other,72M,273261.0,31.0,62.0,22.730601481486158,18.816666666666666,48.78333333333333
period_route,Summer,,Local / other,73,97454.0,21.0,40.0,14.789593167684872,12.333333333333334,30.283333333333335
period_route,Summer,,Local / other,74,146122.0,30.0,42.0,18.534349647394418,16.383333333333333,33.61666666666667
period_route,Summer,,Local / other,76,246439.0,30.0,57.0,20.222976459150743,17.266666666666666,40.333333333333336
period_route,Summer,,Local / other,86,183197.0,32.0,36.0,16.888184957541867,16.366666666666667,29.9
period_route,Summer,,Local / other,88,295980.0,21.0,33.0,13.38505610883272,11.666666666666666,25.45
period_route,Summer,,Local / other,9,406516.0,16.0,30.0,11.989574243844105,9.633333333333333,24.833333333333332
period_route,Summer,,Local / other,90,93601.0,21.0,39.0,15.778715021212813,12.866666666666667,31.883333333333333
period_route,Summer,,Local / other,93,115599.0,41.0,65.0,25.702172058433284,23.683333333333334,49.46666666666667
period_route,Summer,,Local / other,95,43750.0,40.0,44.0,22.080847006746026,21.0,38.21666666666667
period_route,Summer,,Local / other,96,141762.0,30.0,38.0,17.57660037276576,16.083333333333332,31.1
period_route,Summer,,Local / other,97,232932.0,20.0,38.0,14.988373915631904,12.016666666666667,30.65
period_route,Summer,,Local / other,98,161549.0,21.0,36.0,14.893977135566356,12.383333333333333,29.233333333333334
period_route,Summer,,Transbay,E,2116.0,40.0,60.0,22.311014593900723,19.366666666666667,44.766666666666666
period_route,Summer,,Transbay,F,119669.0,30.0,38.0,16.986216139565688,15.7,30.3
period_route,Summer,,Transbay,FS,1010.0,106.0,114.0,53.38592456301748,53.28333333333333,95.9
period_route,Summer,,Transbay,G,6837.0,30.0,48.0,17.304034986076587,15.75,32.81666666666667
period_route,Summer,,Transbay,J,4172.0,45.0,77.0,26.661256327143246,23.6,52.583333333333336
period_route,Summer,,Transbay,L,4574.0,28.0,60.0,22.132976607975703,18.583333333333332,47.916666666666664
period_route,Summer,,Transbay,NL,94060.0,23.0,42.0,17.385629297175342,13.5,36.43333333333333
period_route,Summer,,Transbay,NX,4322.0,30.0,55.0,20.36878453038674,17.083333333333332,41.9
period_route,Summer,,Transbay,NX3,3968.0,26.0,37.0,14.494723314770825,13.083333333333334,27.433333333333334
period_route,Summer,,Transbay,O,69436.0,31.0,62.0,23.161289347087404,19.266666666666666,49.483333333333334
period_route,Summer,,Transbay,P,4882.0,23.0,40.0,15.157006083089659,13.033333333333333,30.983333333333334
period_route,Summer,,Transbay,V,6114.0,34.0,45.0,18.333785655509384,16.45,34.95
period_route,Summer,,Transbay,W,7823.0,23.0,50.0,18.86629752543107,14.683333333333334,41.31666666666667
week_group,,2026-05-17,All Nighter,,17884.0,57.0,63.0,28.042496738107886,24.85,54.0
week_group,,2026-05-17,Early Bird,,1.0,7.0,7.0,3.5,3.5,6.3
week_group,,2026-05-17,Local / other,,1192432.0,27.0,47.0,18.206203766187368,14.833333333333334,37.8
week_group,,2026-05-17,School,,5871.0,12.0,60.0,25.935113237470222,21.383333333333333,54.85
week_group,,2026-05-17,Transbay,,39889.0,29.0,50.0,19.664210718421387,16.033333333333335,39.95
week_group,,2026-05-24,All Nighter,,25830.0,56.0,63.0,27.241184046181427,24.1,53.266666666666666
week_group,,2026-05-24,Early Bird,,2.0,8.0,9.0,4.264705882352941,4.25,7.65
week_group,,2026-05-24,Local / other,,1230706.0,27.0,51.0,18.214784138523836,14.95,37.9
week_group,,2026-05-24,School,,4765.0,16.0,61.0,26.95805597666741,22.883333333333333,55.86666666666667
week_group,,2026-05-24,Transbay,,40591.0,30.0,57.0,19.624988437737404,16.6,40.4
week_group,,2026-05-31,All Nighter,,26954.0,56.0,63.0,26.25133193832272,23.866666666666667,51.766666666666666
week_group,,2026-05-31,Early Bird,,4.0,10.0,11.0,5.134146341463415,5.133333333333334,9.233333333333333
week_group,,2026-05-31,Local / other,,1241957.0,26.0,49.0,18.456460324313138,14.9,38.68333333333333
week_group,,2026-05-31,School,,2752.0,40.0,62.0,26.60758998435055,24.3,52.2
week_group,,2026-05-31,Transbay,,42977.0,29.0,55.0,19.332786273833864,16.033333333333335,39.766666666666666
week_group,,2026-06-07,All Nighter,,25537.0,56.0,64.0,27.780138703791113,24.716666666666665,53.71666666666667
week_group,,2026-06-07,Early Bird,,3.0,7.0,11.0,4.291666666666667,4.0,8.6
week_group,,2026-06-07,Local / other,,1211536.0,27.0,54.0,18.932852408222864,15.25,39.833333333333336
week_group,,2026-06-07,School,,2257.0,45.0,71.0,28.01483227985686,25.7,54.25
week_group,,2026-06-07,Transbay,,42986.0,29.0,54.0,19.332383106378302,16.0,39.35
week_group,,2026-06-14,All Nighter,,22770.0,57.0,63.0,27.147784512199433,24.5,52.93333333333333
week_group,,2026-06-14,Early Bird,,3.0,10.0,12.0,5.241935483870967,5.166666666666667,9.45
week_group,,2026-06-14,Local / other,,1098444.0,26.0,45.0,17.589567571936286,14.483333333333333,36.11666666666667
week_group,,2026-06-14,Transbay,,36737.0,29.0,46.0,18.513131830000063,15.466666666666667,36.15
week_group,,2026-06-21,All Nighter,,26034.0,56.0,63.0,26.805933463358485,24.216666666666665,52.416666666666664
week_group,,2026-06-21,Early Bird,,3.0,7.0,8.0,3.547619047619048,3.5,6.45
week_group,,2026-06-21,Local / other,,1221353.0,27.0,49.0,18.449857077168005,15.033333333333333,38.266666666666666
week_group,,2026-06-21,Transbay,,42536.0,29.0,51.0,19.156475989935768,15.883333333333333,38.416666666666664
week_group,,2026-06-28,All Nighter,,26278.0,55.0,64.0,26.687808049008215,23.816666666666666,52.666666666666664
week_group,,2026-06-28,Early Bird,,3.0,13.0,24.0,8.978260869565217,7.666666666666667,19.4
week_group,,2026-06-28,Local / other,,1251971.0,27.0,46.0,17.792889453887636,14.683333333333334,36.68333333333333
week_group,,2026-06-28,Transbay,,41675.0,30.0,52.0,18.78811951262668,16.033333333333335,36.88333333333333
week_group,,2026-07-05,All Nighter,,25924.0,55.0,64.0,26.943639068285368,23.9,53.06666666666667
week_group,,2026-07-05,Early Bird,,5.0,14.0,37.0,13.855140186915888,10.883333333333333,30.15
week_group,,2026-07-05,Local / other,,1173905.0,28.0,56.0,19.17132006639005,15.483333333333333,40.45
week_group,,2026-07-05,Transbay,,41347.0,30.0,53.0,19.464489667355966,16.2,39.05
week_group,,2026-07-12,All Nighter,,25557.0,56.0,64.0,26.964323452077686,24.033333333333335,52.9
week_group,,2026-07-12,Early Bird,,4.0,10.0,11.0,4.973684210526316,4.75,9.4
week_group,,2026-07-12,Local / other,,1198401.0,27.0,54.0,19.139693758015856,15.316666666666666,40.516666666666666
week_group,,2026-07-12,Transbay,,42295.0,29.0,56.0,19.749378381788627,16.266666666666666,40.766666666666666
week_group,,2026-07-19,All Nighter,,25191.0,56.0,64.0,27.322867606003875,24.383333333333333,53.333333333333336
week_group,,2026-07-19,Early Bird,,5.0,12.0,20.0,6.946428571428571,6.25,14.4
week_group,,2026-07-19,Local / other,,1173933.0,27.0,57.0,19.596150425244566,15.583333333333334,42.11666666666667
week_group,,2026-07-19,Transbay,,41272.0,29.0,56.0,19.81489451454465,16.4,40.833333333333336
week_group,,2026-07-26,All Nighter,,25173.0,56.0,64.0,27.138961356863337,24.433333333333334,52.93333333333333
week_group,,2026-07-26,Early Bird,,5.0,11.0,12.0,5.16,5.0,9.666666666666666
week_group,,2026-07-26,Local / other,,1221003.0,27.0,53.0,18.784246783775803,15.1,39.583333333333336
week_group,,2026-07-26,Transbay,,43657.0,29.0,52.0,18.80070056096579,15.8,37.56666666666667
week_group,,2026-08-02,All Nighter,,25162.0,53.0,64.0,27.04979364809711,23.8,53.266666666666666
week_group,,2026-08-02,Early Bird,,5.0,7.0,11.0,4.222222222222222,3.75,8.7
week_group,,2026-08-02,Local / other,,1122278.0,28.0,58.0,20.516489270275105,16.116666666666667,44.53333333333333
week_group,,2026-08-02,Transbay,,39464.0,30.0,59.0,20.737337180200868,16.95,44.1
week_group,,2026-08-09,All Nighter,,22166.0,56.0,64.0,26.817162739814645,24.533333333333335,52.35
week_group,,2026-08-09,Early Bird,,4.0,17.0,22.0,9.152777777777777,9.0,16.266666666666666
week_group,,2026-08-09,Local / other,,1054503.0,27.0,48.0,18.665526987322345,15.033333333333333,38.916666666666664
week_group,,2026-08-09,School,,3429.0,6.0,46.0,23.023617742464555,15.65,52.8
week_group,,2026-08-09,Transbay,,39033.0,29.0,49.0,18.834704565965595,15.483333333333333,37.95
week_group,,2026-08-16,All Nighter,,10407.0,55.0,63.0,26.34565397477986,23.566666666666666,52.28333333333333
week_group,,2026-08-16,Early Bird,,2.0,7.0,13.0,5.45,5.0,11.0
week_group,,2026-08-16,Local / other,,500340.0,28.0,55.0,19.16422353691122,15.566666666666666,40.28333333333333
week_group,,2026-08-16,School,,1913.0,8.0,54.0,20.63951313294017,17.716666666666665,44.15
week_group,,2026-08-16,Transbay,,17428.0,29.0,57.0,19.824901957240705,16.416666666666668,41.6
