service_date,week_start,period,route_group,service_days,scheduled_trips,ran_trips,two_bus_gap_windows,possible_gap_windows,trip_delivery_pct,two_bus_gap_rate_pct
2026-05-17,2026-05-17,Baseline,All Nighter,1,82,70,,,85.36585365853658,
2026-05-17,2026-05-17,Baseline,Local / other,1,3733,3398,,,91.02598446289848,
2026-05-17,2026-05-17,Baseline,Transbay,1,186,153,,,82.25806451612904,
2026-05-18,2026-05-17,Baseline,All Nighter,1,82,75,,,91.46341463414635,
2026-05-18,2026-05-17,Baseline,Early Bird,1,4,4,,,100.0,
2026-05-18,2026-05-17,Baseline,Local / other,1,4545,4058,,,89.28492849284929,
2026-05-18,2026-05-17,Baseline,School,1,150,147,,,98.0,
2026-05-18,2026-05-17,Baseline,Transbay,1,369,305,,,82.65582655826559,
2026-05-19,2026-05-17,Baseline,All Nighter,1,82,0,,,0.0,
2026-05-19,2026-05-17,Baseline,Early Bird,1,4,0,,,0.0,
2026-05-19,2026-05-17,Baseline,Local / other,1,4545,3435,,,75.57755775577557,
2026-05-19,2026-05-17,Baseline,School,1,150,90,,,60.0,
2026-05-19,2026-05-17,Baseline,Transbay,1,369,254,,,68.83468834688347,
2026-05-20,2026-05-17,Baseline,All Nighter,1,82,1,,,1.2195121951219512,
2026-05-20,2026-05-17,Baseline,Early Bird,1,4,0,,,0.0,
2026-05-20,2026-05-17,Baseline,Local / other,1,4544,4004,,,88.11619718309859,
2026-05-20,2026-05-17,Baseline,School,1,151,151,,,100.0,
2026-05-20,2026-05-17,Baseline,Transbay,1,369,331,,,89.70189701897019,
2026-05-21,2026-05-17,Baseline,All Nighter,1,82,70,,,85.36585365853658,
2026-05-21,2026-05-17,Baseline,Early Bird,1,4,3,,,75.0,
2026-05-21,2026-05-17,Baseline,Local / other,1,4545,4247,,,93.44334433443345,
2026-05-21,2026-05-17,Baseline,School,1,150,146,,,97.33333333333333,
2026-05-21,2026-05-17,Baseline,Transbay,1,369,315,,,85.36585365853658,
2026-05-22,2026-05-17,Baseline,All Nighter,1,82,79,,,96.34146341463415,
2026-05-22,2026-05-17,Baseline,Early Bird,1,4,3,,,75.0,
2026-05-22,2026-05-17,Baseline,Local / other,1,4540,4139,,,91.16740088105728,
2026-05-22,2026-05-17,Baseline,School,1,119,117,,,98.31932773109244,
2026-05-22,2026-05-17,Baseline,Transbay,1,369,300,,,81.30081300813008,
2026-05-23,2026-05-17,Baseline,All Nighter,1,82,78,,,95.1219512195122,
2026-05-23,2026-05-17,Baseline,Local / other,1,3731,3468,,,92.95095148753686,
2026-05-23,2026-05-17,Baseline,Transbay,1,186,185,,,99.46236559139786,
2026-05-24,2026-05-24,Baseline,All Nighter,1,82,79,,,96.34146341463415,
2026-05-24,2026-05-24,Baseline,Local / other,1,3733,3308,,,88.61505491561746,
2026-05-24,2026-05-24,Baseline,Transbay,1,186,175,,,94.08602150537635,
2026-05-25,2026-05-24,Baseline,All Nighter,1,82,79,,,96.34146341463415,
2026-05-25,2026-05-24,Baseline,Local / other,1,3733,3686,,,98.7409590141977,
2026-05-25,2026-05-24,Baseline,Transbay,1,186,186,,,100.0,
2026-05-26,2026-05-24,Baseline,All Nighter,1,82,75,,,91.46341463414635,
2026-05-26,2026-05-24,Baseline,Early Bird,1,4,4,,,100.0,
2026-05-26,2026-05-24,Baseline,Local / other,1,4545,4344,,,95.57755775577557,
2026-05-26,2026-05-24,Baseline,School,1,150,144,,,96.0,
2026-05-26,2026-05-24,Baseline,Transbay,1,369,310,,,84.01084010840108,
2026-05-27,2026-05-24,Baseline,All Nighter,1,82,79,,,96.34146341463415,
2026-05-27,2026-05-24,Baseline,Early Bird,1,4,3,,,75.0,
2026-05-27,2026-05-24,Baseline,Local / other,1,4544,4218,,,92.82570422535211,
2026-05-27,2026-05-24,Baseline,School,1,151,149,,,98.67549668874172,
2026-05-27,2026-05-24,Baseline,Transbay,1,369,314,,,85.09485094850949,
2026-05-28,2026-05-24,Baseline,All Nighter,1,82,79,,,96.34146341463415,
2026-05-28,2026-05-24,Baseline,Early Bird,1,4,3,,,75.0,
2026-05-28,2026-05-24,Baseline,Local / other,1,4545,4216,,,92.76127612761276,
2026-05-28,2026-05-24,Baseline,School,1,149,147,,,98.65771812080537,
2026-05-28,2026-05-24,Baseline,Transbay,1,369,332,,,89.97289972899729,
2026-05-29,2026-05-24,Baseline,All Nighter,1,82,79,,,96.34146341463415,
2026-05-29,2026-05-24,Baseline,Early Bird,1,4,3,,,75.0,
2026-05-29,2026-05-24,Baseline,Local / other,1,4543,4179,,,91.98767334360555,
2026-05-29,2026-05-24,Baseline,School,1,84,82,,,97.61904761904762,
2026-05-29,2026-05-24,Baseline,Transbay,1,369,312,,,84.55284552845528,
2026-05-30,2026-05-24,Baseline,All Nighter,1,82,57,,,69.51219512195122,
2026-05-30,2026-05-24,Baseline,Local / other,1,3731,3363,,,90.13669257571696,
2026-05-30,2026-05-24,Baseline,Transbay,1,186,176,,,94.6236559139785,
2026-05-31,2026-05-31,Baseline,All Nighter,1,82,79,,,96.34146341463415,
2026-05-31,2026-05-31,Baseline,Local / other,1,3733,3435,,,92.01714438789178,
2026-05-31,2026-05-31,Baseline,Transbay,1,186,171,,,91.93548387096774,
2026-06-01,2026-05-31,Baseline,All Nighter,1,82,79,,,96.34146341463415,
2026-06-01,2026-05-31,Baseline,Early Bird,1,4,2,,,50.0,
2026-06-01,2026-05-31,Baseline,Local / other,1,4544,4263,,,93.81602112676056,
2026-06-01,2026-05-31,Baseline,School,1,76,75,,,98.6842105263158,
2026-06-01,2026-05-31,Baseline,Transbay,1,369,339,,,91.869918699187,
2026-06-02,2026-05-31,Baseline,All Nighter,1,82,79,,,96.34146341463415,
2026-06-02,2026-05-31,Baseline,Early Bird,1,4,4,,,100.0,
2026-06-02,2026-05-31,Baseline,Local / other,1,4544,4281,,,94.21214788732394,
2026-06-02,2026-05-31,Baseline,School,1,76,73,,,96.05263157894737,
2026-06-02,2026-05-31,Baseline,Transbay,1,369,336,,,91.0569105691057,
2026-06-03,2026-05-31,Baseline,All Nighter,1,82,75,,,91.46341463414635,
2026-06-03,2026-05-31,Baseline,Early Bird,1,4,4,,,100.0,
2026-06-03,2026-05-31,Baseline,Local / other,1,4543,4175,,,91.89962579793088,
2026-06-03,2026-05-31,Baseline,School,1,50,47,,,94.0,
2026-06-03,2026-05-31,Baseline,Transbay,1,369,312,,,84.55284552845528,
2026-06-04,2026-05-31,Baseline,All Nighter,1,82,79,,,96.34146341463415,
2026-06-04,2026-05-31,Baseline,Early Bird,1,4,4,,,100.0,
2026-06-04,2026-05-31,Baseline,Local / other,1,4541,4184,,,92.13829552961903,
2026-06-04,2026-05-31,Baseline,School,1,44,42,,,95.45454545454545,
2026-06-04,2026-05-31,Baseline,Transbay,1,369,321,,,86.99186991869918,
2026-06-05,2026-05-31,Baseline,All Nighter,1,82,79,,,96.34146341463415,
2026-06-05,2026-05-31,Baseline,Early Bird,1,4,4,,,100.0,
2026-06-05,2026-05-31,Baseline,Local / other,1,4540,4094,,,90.1762114537445,
2026-06-05,2026-05-31,Baseline,School,1,35,32,,,91.42857142857143,
2026-06-05,2026-05-31,Baseline,Transbay,1,369,312,,,84.55284552845528,
2026-06-06,2026-05-31,Baseline,All Nighter,1,82,79,,,96.34146341463415,
2026-06-06,2026-05-31,Baseline,Local / other,1,3731,3354,,,89.89547038327527,
2026-06-06,2026-05-31,Baseline,Transbay,1,186,164,,,88.17204301075269,
2026-06-07,2026-06-07,Baseline,All Nighter,1,82,77,,,93.90243902439025,
2026-06-07,2026-06-07,Baseline,Local / other,1,3733,3337,,,89.39190999196357,
2026-06-07,2026-06-07,Baseline,Transbay,1,186,154,,,82.79569892473118,
2026-06-08,2026-06-07,Baseline,All Nighter,1,82,79,,,96.34146341463415,
2026-06-08,2026-06-07,Baseline,Early Bird,1,4,3,,,75.0,
2026-06-08,2026-06-07,Baseline,Local / other,1,4538,4155,,,91.56015866020273,
2026-06-08,2026-06-07,Baseline,School,1,35,32,,,91.42857142857143,
2026-06-08,2026-06-07,Baseline,Transbay,1,369,319,,,86.44986449864498,
2026-06-09,2026-06-07,Baseline,All Nighter,1,82,77,,,93.90243902439025,
2026-06-09,2026-06-07,Baseline,Early Bird,1,4,4,,,100.0,
2026-06-09,2026-06-07,Baseline,Local / other,1,4538,4287,,,94.46892904363156,
2026-06-09,2026-06-07,Baseline,School,1,35,35,,,100.0,
2026-06-09,2026-06-07,Baseline,Transbay,1,369,342,,,92.6829268292683,
2026-06-10,2026-06-07,Baseline,All Nighter,1,82,79,,,96.34146341463415,
2026-06-10,2026-06-07,Baseline,Early Bird,1,4,3,,,75.0,
2026-06-10,2026-06-07,Baseline,Local / other,1,4538,4276,,,94.22653151167916,
2026-06-10,2026-06-07,Baseline,School,1,35,33,,,94.28571428571429,
2026-06-10,2026-06-07,Baseline,Transbay,1,369,336,,,91.0569105691057,
2026-06-11,2026-06-07,Baseline,All Nighter,1,82,67,,,81.70731707317073,
2026-06-11,2026-06-07,Baseline,Early Bird,1,4,2,,,50.0,
2026-06-11,2026-06-07,Baseline,Local / other,1,4538,3999,,,88.1225209343323,
2026-06-11,2026-06-07,Baseline,School,1,35,35,,,100.0,
2026-06-11,2026-06-07,Baseline,Transbay,1,369,319,,,86.44986449864498,
2026-06-12,2026-06-07,Baseline,All Nighter,1,82,74,,,90.2439024390244,
2026-06-12,2026-06-07,Baseline,Early Bird,1,4,4,,,100.0,
2026-06-12,2026-06-07,Baseline,Local / other,1,4537,3880,,,85.51906546175887,
2026-06-12,2026-06-07,Baseline,School,1,33,33,,,100.0,
2026-06-12,2026-06-07,Baseline,Transbay,1,369,327,,,88.6178861788618,
2026-06-13,2026-06-07,Baseline,All Nighter,1,79,77,,,97.46835443037975,
2026-06-13,2026-06-07,Baseline,Local / other,1,3731,3084,,,82.65880461002412,
2026-06-13,2026-06-07,Baseline,Transbay,1,186,155,,,83.33333333333333,
2026-06-15,2026-06-14,Summer,All Nighter,1,82,79,,,96.34146341463415,
2026-06-15,2026-06-14,Summer,Early Bird,1,4,4,,,100.0,
2026-06-15,2026-06-14,Summer,Local / other,1,4534,4242,,,93.55977062196736,
2026-06-15,2026-06-14,Summer,Transbay,1,364,332,,,91.20879120879121,
2026-06-16,2026-06-14,Summer,All Nighter,1,82,78,,,95.1219512195122,
2026-06-16,2026-06-14,Summer,Early Bird,1,4,3,,,75.0,
2026-06-16,2026-06-14,Summer,Local / other,1,4534,4396,,,96.95632995147773,
2026-06-16,2026-06-14,Summer,Transbay,1,364,339,,,93.13186813186813,
2026-06-17,2026-06-14,Summer,All Nighter,1,82,78,,,95.1219512195122,
2026-06-17,2026-06-14,Summer,Early Bird,1,4,4,,,100.0,
2026-06-17,2026-06-14,Summer,Local / other,1,4534,4367,,,96.3167181296868,
2026-06-17,2026-06-14,Summer,Transbay,1,364,348,,,95.6043956043956,
2026-06-18,2026-06-14,Summer,All Nighter,1,82,75,,,91.46341463414635,
2026-06-18,2026-06-14,Summer,Early Bird,1,4,3,,,75.0,
2026-06-18,2026-06-14,Summer,Local / other,1,4534,4315,,,95.16982796647552,
2026-06-18,2026-06-14,Summer,Transbay,1,364,345,,,94.78021978021978,
2026-06-19,2026-06-14,Summer,All Nighter,1,82,79,,,96.34146341463415,
2026-06-19,2026-06-14,Summer,Local / other,1,3733,3682,,,98.6338065898741,
2026-06-19,2026-06-14,Summer,Transbay,1,186,174,,,93.54838709677419,
2026-06-20,2026-06-14,Summer,All Nighter,1,82,78,,,95.1219512195122,
2026-06-20,2026-06-14,Summer,Local / other,1,3731,3400,,,91.12838381131064,
2026-06-20,2026-06-14,Summer,Transbay,1,186,148,,,79.56989247311827,
2026-06-21,2026-06-21,Summer,All Nighter,1,82,79,,,96.34146341463415,
2026-06-21,2026-06-21,Summer,Local / other,1,3733,3029,,,81.14117331904635,
2026-06-21,2026-06-21,Summer,Transbay,1,186,160,,,86.02150537634408,
2026-06-22,2026-06-21,Summer,All Nighter,1,82,71,,,86.58536585365853,
2026-06-22,2026-06-21,Summer,Early Bird,1,4,4,,,100.0,
2026-06-22,2026-06-21,Summer,Local / other,1,4534,4186,,,92.32465813850904,
2026-06-22,2026-06-21,Summer,Transbay,1,364,328,,,90.10989010989012,
2026-06-23,2026-06-21,Summer,All Nighter,1,82,66,,,80.48780487804878,
2026-06-23,2026-06-21,Summer,Early Bird,1,4,4,,,100.0,
2026-06-23,2026-06-21,Summer,Local / other,1,4534,4235,,,93.40538156153507,
2026-06-23,2026-06-21,Summer,Transbay,1,364,324,,,89.01098901098901,
2026-06-24,2026-06-21,Summer,All Nighter,1,82,76,,,92.6829268292683,
2026-06-24,2026-06-21,Summer,Early Bird,1,4,3,,,75.0,
2026-06-24,2026-06-21,Summer,Local / other,1,4534,4299,,,94.81693868548743,
2026-06-24,2026-06-21,Summer,Transbay,1,364,321,,,88.18681318681318,
2026-06-25,2026-06-21,Summer,All Nighter,1,82,78,,,95.1219512195122,
2026-06-25,2026-06-21,Summer,Early Bird,1,4,2,,,50.0,
2026-06-25,2026-06-21,Summer,Local / other,1,4534,4113,,,90.71460079400089,
2026-06-25,2026-06-21,Summer,Transbay,1,364,327,,,89.83516483516483,
2026-06-26,2026-06-21,Summer,All Nighter,1,82,79,,,96.34146341463415,
2026-06-26,2026-06-21,Summer,Early Bird,1,4,4,,,100.0,
2026-06-26,2026-06-21,Summer,Local / other,1,4533,4031,,,88.92565629825722,
2026-06-26,2026-06-21,Summer,Transbay,1,364,307,,,84.34065934065934,
2026-06-27,2026-06-21,Summer,All Nighter,1,82,78,,,95.1219512195122,
2026-06-27,2026-06-21,Summer,Local / other,1,3731,3455,,,92.60251943178773,
2026-06-27,2026-06-21,Summer,Transbay,1,186,171,,,91.93548387096774,
2026-06-28,2026-06-28,Summer,All Nighter,1,82,77,,,93.90243902439025,
2026-06-28,2026-06-28,Summer,Local / other,1,3733,3386,,,90.70452718992767,
2026-06-28,2026-06-28,Summer,Transbay,1,186,166,,,89.24731182795699,
2026-06-29,2026-06-28,Summer,All Nighter,1,82,77,,,93.90243902439025,
2026-06-29,2026-06-28,Summer,Early Bird,1,4,4,,,100.0,
2026-06-29,2026-06-28,Summer,Local / other,1,4534,4339,,,95.69916188795766,
2026-06-29,2026-06-28,Summer,Transbay,1,364,352,,,96.7032967032967,
2026-06-30,2026-06-28,Summer,All Nighter,1,82,79,,,96.34146341463415,
2026-06-30,2026-06-28,Summer,Early Bird,1,4,3,,,75.0,
2026-06-30,2026-06-28,Summer,Local / other,1,4534,4264,,,94.04499338332599,
2026-06-30,2026-06-28,Summer,Transbay,1,364,323,,,88.73626373626374,
2026-07-01,2026-06-28,Summer,All Nighter,1,82,77,,,93.90243902439025,
2026-07-01,2026-06-28,Summer,Early Bird,1,4,3,,,75.0,
2026-07-01,2026-06-28,Summer,Local / other,1,4534,4282,,,94.44199382443759,
2026-07-01,2026-06-28,Summer,Transbay,1,364,325,,,89.28571428571429,
2026-07-02,2026-06-28,Summer,All Nighter,1,82,79,,,96.34146341463415,
2026-07-02,2026-06-28,Summer,Early Bird,1,4,4,,,100.0,
2026-07-02,2026-06-28,Summer,Local / other,1,4534,4319,,,95.25805028672254,
2026-07-02,2026-06-28,Summer,Transbay,1,364,335,,,92.03296703296704,
2026-07-03,2026-06-28,Summer,All Nighter,1,82,75,,,91.46341463414635,
2026-07-03,2026-06-28,Summer,Local / other,1,3733,3646,,,97.66943477096169,
2026-07-03,2026-06-28,Summer,Transbay,1,186,181,,,97.31182795698925,
2026-07-04,2026-06-28,Summer,All Nighter,1,82,78,,,95.1219512195122,
2026-07-04,2026-06-28,Summer,Local / other,1,3731,3570,,,95.68480300187618,
2026-07-04,2026-06-28,Summer,Transbay,1,186,173,,,93.01075268817205,
2026-07-05,2026-07-05,Summer,All Nighter,1,82,70,,,85.36585365853658,
2026-07-05,2026-07-05,Summer,Local / other,1,3733,2820,,,75.54245914813822,
2026-07-05,2026-07-05,Summer,Transbay,1,186,126,,,67.74193548387096,
2026-07-06,2026-07-05,Summer,All Nighter,1,82,79,,,96.34146341463415,
2026-07-06,2026-07-05,Summer,Early Bird,1,4,4,,,100.0,
2026-07-06,2026-07-05,Summer,Local / other,1,4534,4029,,,88.86193206881342,
2026-07-06,2026-07-05,Summer,Transbay,1,364,289,,,79.3956043956044,
2026-07-07,2026-07-05,Summer,All Nighter,1,82,71,,,86.58536585365853,
2026-07-07,2026-07-05,Summer,Early Bird,1,4,4,,,100.0,
2026-07-07,2026-07-05,Summer,Local / other,1,4534,4134,,,91.17776797529775,
2026-07-07,2026-07-05,Summer,Transbay,1,364,332,,,91.20879120879121,
2026-07-08,2026-07-05,Summer,All Nighter,1,82,79,,,96.34146341463415,
2026-07-08,2026-07-05,Summer,Early Bird,1,4,4,,,100.0,
2026-07-08,2026-07-05,Summer,Local / other,1,4534,4210,,,92.85399205999117,
2026-07-08,2026-07-05,Summer,Transbay,1,364,329,,,90.38461538461539,
2026-07-09,2026-07-05,Summer,All Nighter,1,82,79,,,96.34146341463415,
2026-07-09,2026-07-05,Summer,Early Bird,1,4,4,,,100.0,
2026-07-09,2026-07-05,Summer,Local / other,1,4534,4122,,,90.91310101455669,
2026-07-09,2026-07-05,Summer,Transbay,1,364,324,,,89.01098901098901,
2026-07-10,2026-07-05,Summer,All Nighter,1,82,79,,,96.34146341463415,
2026-07-10,2026-07-05,Summer,Early Bird,1,4,4,,,100.0,
2026-07-10,2026-07-05,Summer,Local / other,1,4533,3969,,,87.55790866975514,
2026-07-10,2026-07-05,Summer,Transbay,1,364,307,,,84.34065934065934,
2026-07-11,2026-07-05,Summer,All Nighter,1,82,76,,,92.6829268292683,
2026-07-11,2026-07-05,Summer,Local / other,1,3731,3144,,,84.26695255963548,
2026-07-11,2026-07-05,Summer,Transbay,1,186,173,,,93.01075268817205,
2026-07-12,2026-07-12,Summer,All Nighter,1,82,79,1.0,76.0,96.34146341463415,1.3157894736842106
2026-07-12,2026-07-12,Summer,Local / other,1,3733,3178,126.0,3682.0,85.13260112510045,3.4220532319391634
2026-07-12,2026-07-12,Summer,Transbay,1,186,156,0.0,183.0,83.87096774193549,0.0
2026-07-13,2026-07-12,Summer,All Nighter,1,82,79,1.0,76.0,96.34146341463415,1.3157894736842106
2026-07-13,2026-07-12,Summer,Early Bird,1,4,4,0.0,1.0,100.0,0.0
2026-07-13,2026-07-12,Summer,Local / other,1,4534,4072,84.0,4480.0,89.8103220114689,1.875
2026-07-13,2026-07-12,Summer,Transbay,1,364,321,13.0,350.0,88.18681318681318,3.7142857142857144
2026-07-14,2026-07-12,Summer,All Nighter,1,82,69,3.0,76.0,84.14634146341463,3.9473684210526314
2026-07-14,2026-07-12,Summer,Early Bird,1,4,4,0.0,1.0,100.0,0.0
2026-07-14,2026-07-12,Summer,Local / other,1,4534,4095,60.0,4480.0,90.31760035288929,1.3392857142857142
2026-07-14,2026-07-12,Summer,Transbay,1,364,318,12.0,350.0,87.36263736263736,3.4285714285714284
2026-07-15,2026-07-12,Summer,All Nighter,1,82,79,1.0,76.0,96.34146341463415,1.3157894736842106
2026-07-15,2026-07-12,Summer,Early Bird,1,4,4,0.0,1.0,100.0,0.0
2026-07-15,2026-07-12,Summer,Local / other,1,4534,4205,26.0,4480.0,92.7437141596824,0.5803571428571429
2026-07-15,2026-07-12,Summer,Transbay,1,364,329,11.0,350.0,90.38461538461539,3.142857142857143
2026-07-16,2026-07-12,Summer,All Nighter,1,82,79,1.0,76.0,96.34146341463415,1.3157894736842106
2026-07-16,2026-07-12,Summer,Early Bird,1,4,4,0.0,1.0,100.0,0.0
2026-07-16,2026-07-12,Summer,Local / other,1,4534,4153,63.0,4480.0,91.5968239964711,1.40625
2026-07-16,2026-07-12,Summer,Transbay,1,364,316,17.0,350.0,86.81318681318682,4.857142857142857
2026-07-17,2026-07-12,Summer,All Nighter,1,82,77,1.0,76.0,93.90243902439025,1.3157894736842106
2026-07-17,2026-07-12,Summer,Early Bird,1,4,2,1.0,1.0,50.0,100.0
2026-07-17,2026-07-12,Summer,Local / other,1,4533,4042,92.0,4479.0,89.16832120008824,2.054029917392275
2026-07-17,2026-07-12,Summer,Transbay,1,364,325,10.0,350.0,89.28571428571429,2.857142857142857
2026-07-18,2026-07-12,Summer,All Nighter,1,82,71,1.0,76.0,86.58536585365853,1.3157894736842106
2026-07-18,2026-07-12,Summer,Local / other,1,3731,3298,61.0,3680.0,88.39453229697132,1.6576086956521738
2026-07-18,2026-07-12,Summer,Transbay,1,186,161,5.0,183.0,86.55913978494624,2.73224043715847
2026-07-19,2026-07-19,Summer,All Nighter,1,82,67,3.0,76.0,81.70731707317073,3.9473684210526314
2026-07-19,2026-07-19,Summer,Local / other,1,3733,3085,179.0,3682.0,82.64130725957675,4.861488321564368
2026-07-19,2026-07-19,Summer,Transbay,1,186,129,20.0,183.0,69.35483870967742,10.92896174863388
2026-07-20,2026-07-19,Summer,All Nighter,1,82,76,1.0,76.0,92.6829268292683,1.3157894736842106
2026-07-20,2026-07-19,Summer,Early Bird,1,4,4,0.0,1.0,100.0,0.0
2026-07-20,2026-07-19,Summer,Local / other,1,4534,4011,101.0,4480.0,88.4649316277018,2.2544642857142856
2026-07-20,2026-07-19,Summer,Transbay,1,364,307,17.0,350.0,84.34065934065934,4.857142857142857
2026-07-21,2026-07-19,Summer,All Nighter,1,82,74,1.0,76.0,90.2439024390244,1.3157894736842106
2026-07-21,2026-07-19,Summer,Early Bird,1,4,4,0.0,1.0,100.0,0.0
2026-07-21,2026-07-19,Summer,Local / other,1,4534,4127,68.0,4480.0,91.02337891486546,1.5178571428571428
2026-07-21,2026-07-19,Summer,Transbay,1,364,323,13.0,350.0,88.73626373626374,3.7142857142857144
2026-07-22,2026-07-19,Summer,All Nighter,1,82,79,1.0,76.0,96.34146341463415,1.3157894736842106
2026-07-22,2026-07-19,Summer,Early Bird,1,4,4,0.0,1.0,100.0,0.0
2026-07-22,2026-07-19,Summer,Local / other,1,4534,4158,59.0,4480.0,91.70710189677989,1.3169642857142858
2026-07-22,2026-07-19,Summer,Transbay,1,364,341,10.0,350.0,93.68131868131869,2.857142857142857
2026-07-23,2026-07-19,Summer,All Nighter,1,82,79,1.0,76.0,96.34146341463415,1.3157894736842106
2026-07-23,2026-07-19,Summer,Early Bird,1,4,4,0.0,1.0,100.0,0.0
2026-07-23,2026-07-19,Summer,Local / other,1,4534,4080,82.0,4480.0,89.98676665196295,1.8303571428571428
2026-07-23,2026-07-19,Summer,Transbay,1,364,308,12.0,350.0,84.61538461538461,3.4285714285714284
2026-07-24,2026-07-19,Summer,All Nighter,1,82,79,1.0,76.0,96.34146341463415,1.3157894736842106
2026-07-24,2026-07-19,Summer,Early Bird,1,4,4,0.0,1.0,100.0,0.0
2026-07-24,2026-07-19,Summer,Local / other,1,4533,3905,127.0,4479.0,86.14604015001103,2.835454342487162
2026-07-24,2026-07-19,Summer,Transbay,1,364,304,21.0,350.0,83.51648351648352,6.0
2026-07-25,2026-07-19,Summer,All Nighter,1,82,77,1.0,76.0,93.90243902439025,1.3157894736842106
2026-07-25,2026-07-19,Summer,Local / other,1,3731,3114,172.0,3680.0,83.46287858482981,4.673913043478261
2026-07-25,2026-07-19,Summer,Transbay,1,186,178,0.0,183.0,95.6989247311828,0.0
2026-07-26,2026-07-26,Summer,All Nighter,1,82,66,4.0,76.0,80.48780487804878,5.2631578947368425
2026-07-26,2026-07-26,Summer,Local / other,1,3733,3119,133.0,3682.0,83.55210286632735,3.612167300380228
2026-07-26,2026-07-26,Summer,Transbay,1,186,160,8.0,183.0,86.02150537634408,4.371584699453552
2026-07-27,2026-07-26,Summer,All Nighter,1,82,79,1.0,76.0,96.34146341463415,1.3157894736842106
2026-07-27,2026-07-26,Summer,Early Bird,1,4,4,0.0,1.0,100.0,0.0
2026-07-27,2026-07-26,Summer,Local / other,1,4534,4160,58.0,4480.0,91.7512130569034,1.2946428571428572
2026-07-27,2026-07-26,Summer,Transbay,1,364,330,9.0,350.0,90.65934065934066,2.5714285714285716
2026-07-28,2026-07-26,Summer,All Nighter,1,82,79,1.0,76.0,96.34146341463415,1.3157894736842106
2026-07-28,2026-07-26,Summer,Early Bird,1,4,4,0.0,1.0,100.0,0.0
2026-07-28,2026-07-26,Summer,Local / other,1,4534,4319,16.0,4480.0,95.25805028672254,0.35714285714285715
2026-07-28,2026-07-26,Summer,Transbay,1,364,330,11.0,350.0,90.65934065934066,3.142857142857143
2026-07-29,2026-07-26,Summer,All Nighter,1,82,67,5.0,76.0,81.70731707317073,6.578947368421052
2026-07-29,2026-07-26,Summer,Early Bird,1,4,4,0.0,1.0,100.0,0.0
2026-07-29,2026-07-26,Summer,Local / other,1,4534,4347,11.0,4480.0,95.8756065284517,0.24553571428571427
2026-07-29,2026-07-26,Summer,Transbay,1,364,327,10.0,350.0,89.83516483516483,2.857142857142857
2026-07-30,2026-07-26,Summer,All Nighter,1,82,79,1.0,76.0,96.34146341463415,1.3157894736842106
2026-07-30,2026-07-26,Summer,Early Bird,1,4,4,0.0,1.0,100.0,0.0
2026-07-30,2026-07-26,Summer,Local / other,1,4534,4193,44.0,4480.0,92.47904719894133,0.9821428571428571
2026-07-30,2026-07-26,Summer,Transbay,1,364,336,11.0,350.0,92.3076923076923,3.142857142857143
2026-07-31,2026-07-26,Summer,All Nighter,1,82,76,1.0,76.0,92.6829268292683,1.3157894736842106
2026-07-31,2026-07-26,Summer,Early Bird,1,4,4,0.0,1.0,100.0,0.0
2026-07-31,2026-07-26,Summer,Local / other,1,4533,3894,141.0,4479.0,85.90337524818001,3.148024112525117
2026-07-31,2026-07-26,Summer,Transbay,1,364,322,11.0,350.0,88.46153846153847,3.142857142857143
2026-08-01,2026-07-26,Summer,All Nighter,1,82,79,1.0,76.0,96.34146341463415,1.3157894736842106
2026-08-01,2026-07-26,Summer,Local / other,1,3731,3358,78.0,3680.0,90.00268024658268,2.119565217391304
2026-08-01,2026-07-26,Summer,Transbay,1,186,182,0.0,183.0,97.84946236559139,0.0
2026-08-02,2026-08-02,Summer,All Nighter,1,82,78,1.0,76.0,95.1219512195122,1.3157894736842106
2026-08-02,2026-08-02,Summer,Local / other,1,3733,2997,165.0,3682.0,80.28395392445753,4.481260184682238
2026-08-02,2026-08-02,Summer,Transbay,1,186,103,36.0,183.0,55.376344086021504,19.672131147540984
2026-08-03,2026-08-02,Summer,All Nighter,1,82,71,1.0,76.0,86.58536585365853,1.3157894736842106
2026-08-03,2026-08-02,Summer,Early Bird,1,4,4,0.0,1.0,100.0,0.0
2026-08-03,2026-08-02,Summer,Local / other,1,4534,3816,162.0,4480.0,84.16409351565946,3.6160714285714284
2026-08-03,2026-08-02,Summer,Transbay,1,364,317,11.0,350.0,87.08791208791209,3.142857142857143
2026-08-04,2026-08-02,Summer,All Nighter,1,82,77,1.0,76.0,93.90243902439025,1.3157894736842106
2026-08-04,2026-08-02,Summer,Early Bird,1,4,4,0.0,1.0,100.0,0.0
2026-08-04,2026-08-02,Summer,Local / other,1,4534,3997,98.0,4480.0,88.15615350683723,2.1875
2026-08-04,2026-08-02,Summer,Transbay,1,364,297,15.0,350.0,81.5934065934066,4.285714285714286
2026-08-05,2026-08-02,Summer,All Nighter,1,82,70,1.0,76.0,85.36585365853658,1.3157894736842106
2026-08-05,2026-08-02,Summer,Early Bird,1,4,4,0.0,1.0,100.0,0.0
2026-08-05,2026-08-02,Summer,Local / other,1,4534,4024,98.0,4480.0,88.75165416850463,2.1875
2026-08-05,2026-08-02,Summer,Transbay,1,364,336,14.0,350.0,92.3076923076923,4.0
2026-08-06,2026-08-02,Summer,All Nighter,1,82,79,1.0,76.0,96.34146341463415,1.3157894736842106
2026-08-06,2026-08-02,Summer,Early Bird,1,4,4,0.0,1.0,100.0,0.0
2026-08-06,2026-08-02,Summer,Local / other,1,4534,4052,79.0,4480.0,89.36921041023379,1.7633928571428572
2026-08-06,2026-08-02,Summer,School,1,6,6,0.0,3.0,100.0,0.0
2026-08-06,2026-08-02,Summer,Transbay,1,364,332,13.0,350.0,91.20879120879121,3.7142857142857144
2026-08-07,2026-08-02,Summer,All Nighter,1,82,77,1.0,76.0,93.90243902439025,1.3157894736842106
2026-08-07,2026-08-02,Summer,Early Bird,1,4,3,0.0,1.0,75.0,0.0
2026-08-07,2026-08-02,Summer,Local / other,1,4533,3788,179.0,4479.0,83.56496801235384,3.996427774056709
2026-08-07,2026-08-02,Summer,School,1,6,6,0.0,3.0,100.0,0.0
2026-08-07,2026-08-02,Summer,Transbay,1,364,305,14.0,350.0,83.79120879120879,4.0
2026-08-08,2026-08-02,Summer,All Nighter,1,79,77,0.0,73.0,97.46835443037975,0.0
2026-08-08,2026-08-02,Summer,Local / other,1,3731,2927,273.0,3680.0,78.45081747520771,7.418478260869565
2026-08-08,2026-08-02,Summer,Transbay,1,186,160,0.0,183.0,86.02150537634408,0.0
2026-08-10,2026-08-09,Post-shift,All Nighter,1,81,68,,,83.95061728395062,
2026-08-10,2026-08-09,Post-shift,Early Bird,1,4,4,,,100.0,
2026-08-10,2026-08-09,Post-shift,Local / other,1,4532,3982,,,87.86407766990291,
2026-08-10,2026-08-09,Post-shift,School,1,74,40,,,54.054054054054056,
2026-08-10,2026-08-09,Post-shift,Transbay,1,369,313,,,84.82384823848238,
2026-08-11,2026-08-09,Post-shift,All Nighter,1,81,78,,,96.29629629629629,
2026-08-11,2026-08-09,Post-shift,Early Bird,1,4,4,,,100.0,
2026-08-11,2026-08-09,Post-shift,Local / other,1,4532,4168,,,91.96822594880847,
2026-08-11,2026-08-09,Post-shift,School,1,110,107,,,97.27272727272727,
2026-08-11,2026-08-09,Post-shift,Transbay,1,369,328,,,88.88888888888889,
2026-08-12,2026-08-09,Post-shift,All Nighter,1,81,75,1.0,75.0,92.5925925925926,1.3333333333333333
2026-08-12,2026-08-09,Post-shift,Early Bird,1,4,4,0.0,1.0,100.0,0.0
2026-08-12,2026-08-09,Post-shift,Local / other,1,4532,4231,31.0,4478.0,93.35834068843778,0.6922733363108531
2026-08-12,2026-08-09,Post-shift,School,1,112,111,0.0,77.0,99.10714285714286,0.0
2026-08-12,2026-08-09,Post-shift,Transbay,1,369,350,9.0,355.0,94.8509485094851,2.535211267605634
2026-08-13,2026-08-09,Post-shift,All Nighter,1,81,78,1.0,75.0,96.29629629629629,1.3333333333333333
2026-08-13,2026-08-09,Post-shift,Early Bird,1,4,3,0.0,1.0,75.0,0.0
2026-08-13,2026-08-09,Post-shift,Local / other,1,4535,4169,34.0,4481.0,91.92943770672547,0.758759205534479
2026-08-13,2026-08-09,Post-shift,School,1,111,105,0.0,76.0,94.5945945945946,0.0
2026-08-13,2026-08-09,Post-shift,Transbay,1,369,336,11.0,355.0,91.0569105691057,3.0985915492957745
2026-08-14,2026-08-09,Post-shift,All Nighter,1,81,78,1.0,75.0,96.29629629629629,1.3333333333333333
2026-08-14,2026-08-09,Post-shift,Early Bird,1,4,4,0.0,1.0,100.0,0.0
2026-08-14,2026-08-09,Post-shift,Local / other,1,4534,4081,63.0,4480.0,90.0088222320247,1.40625
2026-08-14,2026-08-09,Post-shift,School,1,111,109,0.0,76.0,98.1981981981982,0.0
2026-08-14,2026-08-09,Post-shift,Transbay,1,369,316,15.0,355.0,85.63685636856368,4.225352112676056
2026-08-15,2026-08-09,Post-shift,All Nighter,1,81,78,1.0,75.0,96.29629629629629,1.3333333333333333
2026-08-15,2026-08-09,Post-shift,Local / other,1,3731,3302,56.0,3680.0,88.50174216027875,1.5217391304347827
2026-08-15,2026-08-09,Post-shift,Transbay,1,186,172,1.0,183.0,92.47311827956989,0.546448087431694
2026-08-16,2026-08-16,Post-shift,All Nighter,1,82,78,1.0,76.0,95.1219512195122,1.3157894736842106
2026-08-16,2026-08-16,Post-shift,Local / other,1,3732,2982,162.0,3681.0,79.90353697749197,4.400977995110025
2026-08-16,2026-08-16,Post-shift,Transbay,1,186,159,7.0,183.0,85.48387096774194,3.8251366120218577
2026-08-17,2026-08-16,Post-shift,All Nighter,1,81,78,1.0,75.0,96.29629629629629,1.3333333333333333
2026-08-17,2026-08-16,Post-shift,Early Bird,1,4,4,0.0,1.0,100.0,0.0
2026-08-17,2026-08-16,Post-shift,Local / other,1,4538,4034,76.0,4484.0,88.8937858087263,1.694915254237288
2026-08-17,2026-08-16,Post-shift,School,1,117,110,0.0,79.0,94.01709401709402,0.0
2026-08-17,2026-08-16,Post-shift,Transbay,1,369,320,19.0,355.0,86.72086720867209,5.352112676056338
2026-08-18,2026-08-16,Post-shift,All Nighter,1,81,62,8.0,75.0,76.54320987654322,10.666666666666666
2026-08-18,2026-08-16,Post-shift,Early Bird,1,4,4,0.0,1.0,100.0,0.0
2026-08-18,2026-08-16,Post-shift,Local / other,1,4542,4250,29.0,4488.0,93.57111404667548,0.6461675579322638
2026-08-18,2026-08-16,Post-shift,School,1,146,144,0.0,101.0,98.63013698630137,0.0
2026-08-18,2026-08-16,Post-shift,Transbay,1,369,316,15.0,355.0,85.63685636856368,4.225352112676056
