period,route_group,route_id,service_days,scheduled_trips,ran_trips,two_bus_gap_windows,possible_gap_windows,trip_delivery_pct,two_bus_gap_rate_pct
Baseline,All Nighter,800,28,754,629,,,83.42175066312997,
Baseline,All Nighter,801,28,308,279,,,90.58441558441558,
Baseline,All Nighter,802,28,280,249,,,88.92857142857143,
Baseline,All Nighter,805,28,335,273,,,81.49253731343283,
Baseline,All Nighter,840,28,336,298,,,88.69047619047619,
Baseline,All Nighter,851,28,280,251,,,89.64285714285714,
Baseline,Early Bird,701,19,38,27,,,71.05263157894737,
Baseline,Early Bird,702,19,19,13,,,68.42105263157895,
Baseline,Early Bird,703,19,19,17,,,89.47368421052632,
Baseline,Local / other,12,28,2642,2498,,,94.54958364875094,
Baseline,Local / other,14,28,2952,2520,,,85.36585365853658,
Baseline,Local / other,18,28,3699,3548,,,95.91781562584482,
Baseline,Local / other,19,28,896,850,,,94.86607142857143,
Baseline,Local / other,1T,28,6179,4858,,,78.62113610616605,
Baseline,Local / other,200,28,2128,2030,,,95.39473684210526,
Baseline,Local / other,210,28,1887,1792,,,94.9655537890832,
Baseline,Local / other,211,28,2148,2039,,,94.92551210428306,
Baseline,Local / other,216,28,784,766,,,97.70408163265306,
Baseline,Local / other,22,28,1848,1800,,,97.40259740259741,
Baseline,Local / other,231,28,1157,1094,,,94.55488331892826,
Baseline,Local / other,239,28,1655,1598,,,96.5558912386707,
Baseline,Local / other,251,28,765,745,,,97.38562091503267,
Baseline,Local / other,27,28,2076,1981,,,95.42389210019267,
Baseline,Local / other,28,28,1419,1337,,,94.22128259337562,
Baseline,Local / other,281,28,804,777,,,96.64179104477611,
Baseline,Local / other,30,28,2259,1847,,,81.7618415227977,
Baseline,Local / other,31,28,1844,1632,,,88.50325379609545,
Baseline,Local / other,34,28,1256,1178,,,93.78980891719745,
Baseline,Local / other,35,28,1294,1207,,,93.27666151468316,
Baseline,Local / other,36,28,2148,2053,,,95.57728119180634,
Baseline,Local / other,40,28,4940,4308,,,87.20647773279352,
Baseline,Local / other,41,28,952,914,,,96.00840336134453,
Baseline,Local / other,45,28,2133,1882,,,88.23253633380216,
Baseline,Local / other,46L,19,513,501,,,97.6608187134503,
Baseline,Local / other,51A,28,4486,3756,,,83.72715113687026,
Baseline,Local / other,51B,28,4547,4298,,,94.52386188695843,
Baseline,Local / other,52,28,3279,3155,,,96.2183592558707,
Baseline,Local / other,54,28,2775,2571,,,92.64864864864865,
Baseline,Local / other,56,28,1256,1171,,,93.23248407643312,
Baseline,Local / other,57,28,4226,3918,,,92.7117841930904,
Baseline,Local / other,6,28,4646,4375,,,94.167025398192,
Baseline,Local / other,60,28,1685,1495,,,88.72403560830861,
Baseline,Local / other,62,28,3005,2597,,,86.42262895174709,
Baseline,Local / other,65,19,760,707,,,93.02631578947368,
Baseline,Local / other,67,19,551,538,,,97.64065335753176,
Baseline,Local / other,7,28,952,923,,,96.95378151260505,
Baseline,Local / other,70,28,1297,1222,,,94.21742482652274,
Baseline,Local / other,71,28,1278,1175,,,91.94053208137716,
Baseline,Local / other,72,28,2175,1849,,,85.01149425287356,
Baseline,Local / other,72L,28,1512,1333,,,88.16137566137566,
Baseline,Local / other,72M,28,2314,1934,,,83.57821953327571,
Baseline,Local / other,73,28,3075,2646,,,86.04878048780488,
Baseline,Local / other,74,28,1835,1704,,,92.86103542234332,
Baseline,Local / other,76,28,2202,1971,,,89.50953678474114,
Baseline,Local / other,86,28,2165,2098,,,96.905311778291,
Baseline,Local / other,88,28,2990,2834,,,94.78260869565217,
Baseline,Local / other,9,28,3998,3582,,,89.59479739869936,
Baseline,Local / other,90,28,2579,2223,,,86.19620007754943,
Baseline,Local / other,93,28,1327,1227,,,92.46420497362472,
Baseline,Local / other,95,28,1204,1170,,,97.17607973421927,
Baseline,Local / other,96,28,1867,1743,,,93.35832886984467,
Baseline,Local / other,97,28,2952,2630,,,89.09214092140921,
Baseline,Local / other,98,28,2570,2267,,,88.21011673151752,
Baseline,School,604,19,49,47,,,95.91836734693878,
Baseline,School,605,12,24,23,,,95.83333333333333,
Baseline,School,606,12,24,23,,,95.83333333333333,
Baseline,School,607,18,36,34,,,94.44444444444444,
Baseline,School,617,8,16,15,,,93.75,
Baseline,School,620,8,16,15,,,93.75,
Baseline,School,621,11,66,64,,,96.96969696969697,
Baseline,School,623,11,110,106,,,96.36363636363636,
Baseline,School,624,11,22,21,,,95.45454545454545,
Baseline,School,625,11,66,64,,,96.96969696969697,
Baseline,School,627,8,16,15,,,93.75,
Baseline,School,629,8,16,15,,,93.75,
Baseline,School,631,13,52,46,,,88.46153846153847,
Baseline,School,633,8,14,12,,,85.71428571428571,
Baseline,School,638,8,16,14,,,87.5,
Baseline,School,639,8,16,15,,,93.75,
Baseline,School,641,11,33,31,,,93.93939393939394,
Baseline,School,642,8,8,8,,,100.0,
Baseline,School,646,8,62,56,,,90.3225806451613,
Baseline,School,648,8,32,30,,,93.75,
Baseline,School,649,8,32,30,,,93.75,
Baseline,School,650,8,16,15,,,93.75,
Baseline,School,651,8,16,15,,,93.75,
Baseline,School,652,8,16,15,,,93.75,
Baseline,School,653,8,24,21,,,87.5,
Baseline,School,654,8,40,37,,,92.5,
Baseline,School,655,8,32,30,,,93.75,
Baseline,School,657,8,48,44,,,91.66666666666667,
Baseline,School,658,8,24,22,,,91.66666666666667,
Baseline,School,660,8,18,17,,,94.44444444444444,
Baseline,School,662,8,16,15,,,93.75,
Baseline,School,663,13,29,28,,,96.55172413793103,
Baseline,School,667,18,72,71,,,98.61111111111111,
Baseline,School,669,18,54,53,,,98.14814814814815,
Baseline,School,675,18,126,123,,,97.61904761904762,
Baseline,School,677,8,16,14,,,87.5,
Baseline,School,678,18,54,48,,,88.88888888888889,
Baseline,School,680,9,18,17,,,94.44444444444444,
Baseline,School,681,18,36,33,,,91.66666666666667,
Baseline,School,682,9,45,41,,,91.11111111111111,
Baseline,School,683,9,9,7,,,77.77777777777777,
Baseline,School,684,18,90,88,,,97.77777777777777,
Baseline,School,687,13,39,33,,,84.61538461538461,
Baseline,School,688,18,36,34,,,94.44444444444444,
Baseline,School,689,19,92,90,,,97.82608695652173,
Baseline,School,696,8,16,15,,,93.75,
Baseline,Transbay,E,19,152,146,,,96.05263157894737,
Baseline,Transbay,F,28,2308,2218,,,96.10051993067592,
Baseline,Transbay,FS,19,76,74,,,97.36842105263158,
Baseline,Transbay,G,19,190,174,,,91.57894736842105,
Baseline,Transbay,J,19,190,177,,,93.15789473684211,
Baseline,Transbay,L,19,152,144,,,94.73684210526316,
Baseline,Transbay,NL,28,2822,2332,,,82.63642806520198,
Baseline,Transbay,NX,19,171,151,,,88.30409356725146,
Baseline,Transbay,NX3,19,133,116,,,87.21804511278195,
Baseline,Transbay,O,28,1617,1426,,,88.18800247371676,
Baseline,Transbay,P,19,304,273,,,89.80263157894737,
Baseline,Transbay,U,19,209,0,,,0.0,
Baseline,Transbay,V,19,190,166,,,87.36842105263158,
Baseline,Transbay,W,19,171,158,,,92.39766081871345,
Post-shift,All Nighter,800,9,235,214,7.0,176.0,91.06382978723404,3.977272727272727
Post-shift,All Nighter,801,9,99,98,0.0,70.0,98.98989898989899,0.0
Post-shift,All Nighter,802,9,90,80,0.0,63.0,88.88888888888889,0.0
Post-shift,All Nighter,805,9,108,92,3.0,77.0,85.18518518518519,3.896103896103896
Post-shift,All Nighter,840,9,108,99,4.0,77.0,91.66666666666667,5.194805194805195
Post-shift,All Nighter,851,9,90,90,0.0,63.0,100.0,0.0
Post-shift,Early Bird,701,7,14,13,0.0,5.0,92.85714285714286,0.0
Post-shift,Early Bird,702,7,7,7,0.0,0.0,100.0,
Post-shift,Early Bird,703,7,7,7,0.0,0.0,100.0,
Post-shift,Local / other,12,9,876,837,1.0,661.0,95.54794520547945,0.15128593040847202
Post-shift,Local / other,14,9,956,782,21.0,733.0,81.79916317991632,2.8649386084583903
Post-shift,Local / other,18,9,1222,1070,26.0,927.0,87.56137479541735,2.8047464940668823
Post-shift,Local / other,19,9,288,246,1.0,217.0,85.41666666666667,0.4608294930875576
Post-shift,Local / other,1T,9,1987,1603,100.0,1538.0,80.67438349270256,6.501950585175552
Post-shift,Local / other,200,9,684,663,1.0,525.0,96.9298245614035,0.19047619047619047
Post-shift,Local / other,210,9,611,589,3.0,466.0,96.39934533551555,0.6437768240343348
Post-shift,Local / other,211,9,694,667,1.0,531.0,96.10951008645533,0.18832391713747645
Post-shift,Local / other,216,9,252,245,0.0,189.0,97.22222222222223,0.0
Post-shift,Local / other,22,9,594,562,2.0,455.0,94.61279461279462,0.43956043956043955
Post-shift,Local / other,231,9,371,357,2.0,282.0,96.22641509433963,0.7092198581560284
Post-shift,Local / other,239,9,565,534,11.0,416.0,94.51327433628319,2.644230769230769
Post-shift,Local / other,251,9,245,234,0.0,184.0,95.51020408163265,0.0
Post-shift,Local / other,27,9,678,653,0.0,515.0,96.3126843657817,0.0
Post-shift,Local / other,28,9,457,427,3.0,348.0,93.43544857768053,0.8620689655172413
Post-shift,Local / other,281,9,262,251,0.0,195.0,95.80152671755725,0.0
Post-shift,Local / other,30,9,727,567,45.0,558.0,77.99174690508941,8.064516129032258
Post-shift,Local / other,31,9,592,517,6.0,453.0,87.33108108108108,1.3245033112582782
Post-shift,Local / other,34,9,418,387,0.0,311.0,92.58373205741627,0.0
Post-shift,Local / other,35,9,432,395,0.0,321.0,91.43518518518519,0.0
Post-shift,Local / other,36,9,694,642,2.0,531.0,92.507204610951,0.3766478342749529
Post-shift,Local / other,40,9,1645,1445,15.0,1244.0,87.8419452887538,1.2057877813504823
Post-shift,Local / other,41,9,306,295,0.0,231.0,96.40522875816994,0.0
Post-shift,Local / other,45,9,699,614,9.0,530.0,87.83977110157367,1.6981132075471699
Post-shift,Local / other,46L,7,189,188,0.0,130.0,99.47089947089947,0.0
Post-shift,Local / other,51A,9,1480,1298,35.0,1125.0,87.70270270270271,3.111111111111111
Post-shift,Local / other,51B,9,1491,1358,2.0,1138.0,91.07981220657277,0.1757469244288225
Post-shift,Local / other,52,9,1087,1040,2.0,822.0,95.67617295308187,0.24330900243309003
Post-shift,Local / other,54,9,911,750,15.0,686.0,82.3271130625686,2.186588921282799
Post-shift,Local / other,56,9,418,408,0.0,311.0,97.60765550239235,0.0
Post-shift,Local / other,57,9,1361,1325,0.0,1052.0,97.35488611315209,0.0
Post-shift,Local / other,6,9,1513,1399,7.0,1160.0,92.46530072703239,0.603448275862069
Post-shift,Local / other,60,9,555,472,10.0,418.0,85.04504504504504,2.3923444976076556
Post-shift,Local / other,62,9,976,814,4.0,747.0,83.40163934426229,0.535475234270415
Post-shift,Local / other,65,7,280,261,2.0,195.0,93.21428571428571,1.0256410256410255
Post-shift,Local / other,67,7,203,202,0.0,140.0,99.50738916256158,0.0
Post-shift,Local / other,7,9,306,294,0.0,231.0,96.07843137254902,0.0
Post-shift,Local / other,70,9,441,415,4.0,324.0,94.10430839002268,1.2345679012345678
Post-shift,Local / other,71,9,434,402,6.0,319.0,92.62672811059907,1.8808777429467085
Post-shift,Local / other,72,9,700,612,23.0,537.0,87.42857142857143,4.283054003724395
Post-shift,Local / other,72L,9,479,430,8.0,366.0,89.77035490605428,2.185792349726776
Post-shift,Local / other,72M,9,739,617,25.0,568.0,83.49120433017592,4.401408450704225
Post-shift,Local / other,73,9,989,884,4.0,762.0,89.38321536905966,0.5249343832020997
Post-shift,Local / other,74,9,605,574,0.0,456.0,94.87603305785125,0.0
Post-shift,Local / other,76,9,697,631,8.0,534.0,90.53084648493544,1.4981273408239701
Post-shift,Local / other,86,9,695,646,2.0,534.0,92.94964028776978,0.37453183520599254
Post-shift,Local / other,88,9,970,888,3.0,743.0,91.54639175257732,0.4037685060565276
Post-shift,Local / other,9,9,1294,1091,12.0,995.0,84.31221020092735,1.2060301507537687
Post-shift,Local / other,90,9,862,698,14.0,647.0,80.97447795823666,2.1638330757341575
Post-shift,Local / other,93,9,444,399,0.0,333.0,89.86486486486487,0.0
Post-shift,Local / other,95,9,382,364,0.0,291.0,95.28795811518324,0.0
Post-shift,Local / other,96,9,601,547,0.0,460.0,91.01497504159734,0.0
Post-shift,Local / other,97,9,991,904,2.0,742.0,91.2209889001009,0.2695417789757412
Post-shift,Local / other,98,9,860,706,14.0,645.0,82.09302325581395,2.1705426356589146
Post-shift,School,604,2,4,4,0.0,2.0,100.0,0.0
Post-shift,School,605,2,4,4,0.0,2.0,100.0,0.0
Post-shift,School,606,2,4,3,0.0,2.0,75.0,0.0
Post-shift,School,607,1,2,2,0.0,1.0,100.0,0.0
Post-shift,School,617,7,14,13,0.0,5.0,92.85714285714286,0.0
Post-shift,School,620,7,14,12,0.0,5.0,85.71428571428571,0.0
Post-shift,School,621,6,36,35,0.0,25.0,97.22222222222223,0.0
Post-shift,School,623,6,60,59,0.0,45.0,98.33333333333333,0.0
Post-shift,School,624,6,12,10,0.0,5.0,83.33333333333333,0.0
Post-shift,School,625,6,36,36,0.0,25.0,100.0,0.0
Post-shift,School,627,7,14,12,0.0,5.0,85.71428571428571,0.0
Post-shift,School,629,7,14,14,0.0,5.0,100.0,0.0
Post-shift,School,631,6,24,24,0.0,15.0,100.0,0.0
Post-shift,School,633,7,14,13,0.0,5.0,92.85714285714286,0.0
Post-shift,School,638,7,14,12,0.0,5.0,85.71428571428571,0.0
Post-shift,School,639,7,14,13,0.0,5.0,92.85714285714286,0.0
Post-shift,School,641,6,18,17,0.0,10.0,94.44444444444444,0.0
Post-shift,School,642,7,7,7,0.0,0.0,100.0,
Post-shift,School,646,7,48,42,0.0,29.0,87.5,0.0
Post-shift,School,648,7,28,25,0.0,15.0,89.28571428571429,0.0
Post-shift,School,649,7,28,25,0.0,15.0,89.28571428571429,0.0
Post-shift,School,650,7,14,13,0.0,5.0,92.85714285714286,0.0
Post-shift,School,651,7,14,12,0.0,5.0,85.71428571428571,0.0
Post-shift,School,652,7,14,12,0.0,5.0,85.71428571428571,0.0
Post-shift,School,653,7,28,25,0.0,15.0,89.28571428571429,0.0
Post-shift,School,654,7,35,32,0.0,20.0,91.42857142857143,0.0
Post-shift,School,655,7,28,26,0.0,15.0,92.85714285714286,0.0
Post-shift,School,657,7,42,39,0.0,25.0,92.85714285714286,0.0
Post-shift,School,658,7,21,19,0.0,10.0,90.47619047619048,0.0
Post-shift,School,660,7,15,14,0.0,6.0,93.33333333333333,0.0
Post-shift,School,662,7,14,13,0.0,5.0,92.85714285714286,0.0
Post-shift,School,663,6,13,13,0.0,6.0,100.0,0.0
Post-shift,School,667,1,4,4,0.0,3.0,100.0,0.0
Post-shift,School,669,1,3,3,0.0,2.0,100.0,0.0
Post-shift,School,675,1,7,7,0.0,6.0,100.0,0.0
Post-shift,School,677,7,14,13,0.0,5.0,92.85714285714286,0.0
Post-shift,School,678,1,3,3,0.0,2.0,100.0,0.0
Post-shift,School,680,7,14,13,0.0,5.0,92.85714285714286,0.0
Post-shift,School,681,1,2,1,0.0,1.0,50.0,0.0
Post-shift,School,682,7,35,33,0.0,20.0,94.28571428571429,0.0
Post-shift,School,683,7,7,6,0.0,0.0,85.71428571428571,
Post-shift,School,684,1,5,5,0.0,4.0,100.0,0.0
Post-shift,School,687,6,18,18,0.0,10.0,100.0,0.0
Post-shift,School,689,5,8,7,0.0,3.0,87.5,0.0
Post-shift,School,696,7,14,13,0.0,5.0,92.85714285714286,0.0
Post-shift,Transbay,E,7,56,54,0.0,35.0,96.42857142857143,0.0
Post-shift,Transbay,F,9,749,715,1.0,572.0,95.46061415220294,0.17482517482517482
Post-shift,Transbay,FS,7,28,27,0.0,15.0,96.42857142857143,0.0
Post-shift,Transbay,G,7,70,67,0.0,45.0,95.71428571428571,0.0
Post-shift,Transbay,J,7,70,69,0.0,45.0,98.57142857142857,0.0
Post-shift,Transbay,L,7,56,56,0.0,35.0,100.0,0.0
Post-shift,Transbay,NL,9,941,824,16.0,708.0,87.56641870350691,2.2598870056497176
Post-shift,Transbay,NX,7,63,53,1.0,40.0,84.12698412698413,2.5
Post-shift,Transbay,NX3,7,49,45,0.0,30.0,91.83673469387755,0.0
Post-shift,Transbay,O,9,551,472,12.0,406.0,85.66243194192377,2.955665024630542
Post-shift,Transbay,P,7,112,105,1.0,75.0,93.75,1.3333333333333333
Post-shift,Transbay,U,7,77,0,45.0,50.0,0.0,90.0
Post-shift,Transbay,V,7,70,67,0.0,45.0,95.71428571428571,0.0
Post-shift,Transbay,W,7,63,56,1.0,40.0,88.88888888888889,2.5
Summer,All Nighter,800,55,1483,1343,32.0,726.0,90.55967633175995,4.40771349862259
Summer,All Nighter,801,55,605,580,0.0,280.0,95.86776859504133,0.0
Summer,All Nighter,802,55,550,539,0.0,252.0,98.0,0.0
Summer,All Nighter,805,55,659,562,4.0,307.0,85.28072837632777,1.3029315960912051
Summer,All Nighter,840,55,660,615,2.0,308.0,93.18181818181819,0.6493506493506493
Summer,All Nighter,851,55,550,548,0.0,252.0,99.63636363636364,0.0
Summer,Early Bird,701,38,76,71,1.0,20.0,93.42105263157895,5.0
Summer,Early Bird,702,38,38,34,0.0,0.0,89.47368421052632,
Summer,Early Bird,703,38,38,37,0.0,0.0,97.36842105263158,
Summer,Local / other,12,55,5210,4881,22.0,2644.0,93.6852207293666,0.8320726172465961
Summer,Local / other,14,55,5804,5086,70.0,2932.0,87.62922122674019,2.387448840381992
Summer,Local / other,18,55,7291,6862,26.0,3708.0,94.11603346591689,0.7011866235167206
Summer,Local / other,19,55,1760,1604,20.0,868.0,91.13636363636364,2.304147465437788
Summer,Local / other,1T,55,12138,9375,496.0,6152.0,77.23677706376668,8.062418725617686
Summer,Local / other,200,55,4180,3860,27.0,2100.0,92.3444976076555,1.2857142857142858
Summer,Local / other,210,55,3710,3614,5.0,1864.0,97.41239892183289,0.26824034334763946
Summer,Local / other,211,55,4222,4032,9.0,2124.0,95.4997631454287,0.423728813559322
Summer,Local / other,216,55,1540,1458,0.0,756.0,94.67532467532467,0.0
Summer,Local / other,22,55,3630,3458,13.0,1820.0,95.26170798898072,0.7142857142857143
Summer,Local / other,231,55,2272,2051,30.0,1128.0,90.27288732394366,2.6595744680851063
Summer,Local / other,239,55,3276,3042,39.0,1664.0,92.85714285714286,2.34375
Summer,Local / other,251,55,1502,1401,8.0,736.0,93.27563249001332,1.0869565217391304
Summer,Local / other,27,55,4086,3858,32.0,2060.0,94.41997063142438,1.5533980582524272
Summer,Local / other,28,55,2788,2640,2.0,1392.0,94.69153515064562,0.14367816091954022
Summer,Local / other,281,55,1582,1515,0.0,780.0,95.76485461441213,0.0
Summer,Local / other,30,55,4438,3882,32.0,2232.0,87.47183415953133,1.4336917562724014
Summer,Local / other,31,55,3622,3119,54.0,1816.0,86.11264494754279,2.973568281938326
Summer,Local / other,34,55,2478,2215,31.0,1244.0,89.38660209846651,2.491961414790997
Summer,Local / other,35,55,2554,2301,23.0,1284.0,90.09397024275646,1.7912772585669783
Summer,Local / other,36,55,4222,4016,13.0,2124.0,95.12079583135954,0.6120527306967984
Summer,Local / other,40,55,9747,8456,120.0,4976.0,86.75489894326459,2.4115755627009645
Summer,Local / other,41,55,1870,1764,6.0,924.0,94.33155080213903,0.6493506493506493
Summer,Local / other,45,55,4200,3767,35.0,2120.0,89.69047619047619,1.650943396226415
Summer,Local / other,46L,38,1026,1010,7.0,520.0,98.44054580896686,1.3461538461538463
Summer,Local / other,51A,55,8842,7571,150.0,4500.0,85.62542411219181,3.3333333333333335
Summer,Local / other,51B,55,8954,8330,82.0,4552.0,93.03104757650212,1.8014059753954306
Summer,Local / other,52,55,6466,6264,6.0,3288.0,96.87596659449427,0.18248175182481752
Summer,Local / other,54,55,5476,5164,1.0,2784.0,94.30241051862673,0.035919540229885055
Summer,Local / other,56,55,2478,2359,11.0,1244.0,95.19774011299435,0.8842443729903537
Summer,Local / other,57,55,8284,7684,80.0,4188.0,92.75712216320618,1.9102196752626552
Summer,Local / other,6,55,9141,8557,29.0,4640.0,93.6112022754622,0.625
Summer,Local / other,60,55,3320,2890,39.0,1672.0,87.04819277108433,2.3325358851674642
Summer,Local / other,62,55,5910,5010,128.0,2988.0,84.77157360406092,4.28380187416332
Summer,Local / other,65,38,1520,1486,0.0,780.0,97.76315789473684,0.0
Summer,Local / other,67,38,1102,1082,0.0,560.0,98.18511796733212,0.0
Summer,Local / other,7,55,1870,1828,3.0,924.0,97.75401069518716,0.3246753246753247
Summer,Local / other,70,55,2566,2279,46.0,1296.0,88.81527669524552,3.549382716049383
Summer,Local / other,71,55,2528,2291,19.0,1276.0,90.625,1.4890282131661443
Summer,Local / other,72,55,4273,3491,167.0,2148.0,81.69904048677743,7.774674115456238
Summer,Local / other,72L,55,2970,2656,36.0,1484.0,89.42760942760943,2.4258760107816713
Summer,Local / other,72M,55,4510,3567,159.0,2268.0,79.0909090909091,7.01058201058201
Summer,Local / other,73,55,6041,5271,149.0,3048.0,87.25376593279259,4.888451443569553
Summer,Local / other,74,55,3616,3236,52.0,1824.0,89.49115044247787,2.8508771929824563
Summer,Local / other,76,55,4222,3594,96.0,2124.0,85.12553292278541,4.519774011299435
Summer,Local / other,86,55,4252,4162,0.0,2136.0,97.88334901222954,0.0
Summer,Local / other,88,55,5880,5530,51.0,2972.0,94.04761904761905,1.7160161507402423
Summer,Local / other,9,55,7860,6740,142.0,3980.0,85.75063613231552,3.5678391959798996
Summer,Local / other,90,55,5091,4540,45.0,2588.0,89.17697898251816,1.7387944358578054
Summer,Local / other,93,55,2554,2382,17.0,1284.0,93.265465935787,1.32398753894081
Summer,Local / other,95,55,2310,2244,4.0,1148.0,97.14285714285714,0.34843205574912894
Summer,Local / other,96,55,3668,3459,32.0,1840.0,94.3020719738277,1.7391304347826086
Summer,Local / other,97,55,5805,4986,129.0,2960.0,85.89147286821705,4.358108108108108
Summer,Local / other,98,55,5074,4578,42.0,2580.0,90.22467481277098,1.627906976744186
Summer,School,620,2,4,4,0.0,2.0,100.0,0.0
Summer,School,627,2,4,4,0.0,2.0,100.0,0.0
Summer,School,629,2,4,4,0.0,2.0,100.0,0.0
Summer,Transbay,E,38,304,296,0.0,140.0,97.36842105263158,0.0
Summer,Transbay,F,55,4349,4149,26.0,2188.0,95.40124166475051,1.1882998171846435
Summer,Transbay,FS,38,152,148,0.0,60.0,97.36842105263158,0.0
Summer,Transbay,G,38,380,371,0.0,180.0,97.63157894736842,0.0
Summer,Transbay,J,38,380,369,1.0,180.0,97.10526315789474,0.5555555555555556
Summer,Transbay,L,38,304,303,0.0,140.0,99.67105263157895,0.0
Summer,Transbay,NL,55,5569,4716,76.0,2832.0,84.68306697791346,2.6836158192090394
Summer,Transbay,NX,38,342,316,2.0,160.0,92.39766081871345,1.25
Summer,Transbay,NX3,38,266,248,0.0,120.0,93.23308270676692,0.0
Summer,Transbay,O,55,3200,2815,38.0,1624.0,87.96875,2.3399014778325125
Summer,Transbay,P,38,608,598,0.0,300.0,98.35526315789474,0.0
Summer,Transbay,U,38,418,0,180.0,200.0,0.0,90.0
Summer,Transbay,V,38,380,370,0.0,180.0,97.36842105263158,0.0
Summer,Transbay,W,38,342,313,1.0,160.0,91.52046783625731,0.625
