direction_id,direction,day_type,time_band,status,scheduled_trips,pct
0,Fruitvale-bound,Saturday,AM peak,No route observation,5,7.936507936507937
0,Fruitvale-bound,Saturday,AM peak,Observed at screenline,58,92.06349206349206
0,Fruitvale-bound,Saturday,Early AM,Observed at screenline,14,100.0
0,Fruitvale-bound,Saturday,Evening,No route observation,48,48.97959183673469
0,Fruitvale-bound,Saturday,Evening,Observed at screenline,49,50.0
0,Fruitvale-bound,Saturday,Evening,Observed elsewhere only,1,1.0204081632653061
0,Fruitvale-bound,Saturday,Late night,No route observation,4,57.142857142857146
0,Fruitvale-bound,Saturday,Late night,Observed at screenline,3,42.857142857142854
0,Fruitvale-bound,Saturday,Midday,No route observation,22,13.095238095238095
0,Fruitvale-bound,Saturday,Midday,Observed at screenline,143,85.11904761904762
0,Fruitvale-bound,Saturday,Midday,Observed elsewhere only,3,1.7857142857142858
0,Fruitvale-bound,Saturday,PM peak,No route observation,31,27.678571428571427
0,Fruitvale-bound,Saturday,PM peak,Observed at screenline,79,70.53571428571429
0,Fruitvale-bound,Saturday,PM peak,Observed elsewhere only,2,1.7857142857142858
0,Fruitvale-bound,Sunday / holiday,AM peak,No route observation,9,11.11111111111111
0,Fruitvale-bound,Sunday / holiday,AM peak,Observed at screenline,71,87.65432098765432
0,Fruitvale-bound,Sunday / holiday,AM peak,Observed elsewhere only,1,1.2345679012345678
0,Fruitvale-bound,Sunday / holiday,Early AM,Observed at screenline,17,94.44444444444444
0,Fruitvale-bound,Sunday / holiday,Early AM,Observed elsewhere only,1,5.555555555555555
0,Fruitvale-bound,Sunday / holiday,Evening,No route observation,46,36.507936507936506
0,Fruitvale-bound,Sunday / holiday,Evening,Observed at screenline,80,63.492063492063494
0,Fruitvale-bound,Sunday / holiday,Late night,No route observation,5,55.55555555555556
0,Fruitvale-bound,Sunday / holiday,Late night,Observed at screenline,4,44.44444444444444
0,Fruitvale-bound,Sunday / holiday,Midday,No route observation,19,8.796296296296296
0,Fruitvale-bound,Sunday / holiday,Midday,Observed at screenline,195,90.27777777777777
0,Fruitvale-bound,Sunday / holiday,Midday,Observed elsewhere only,2,0.9259259259259259
0,Fruitvale-bound,Sunday / holiday,PM peak,No route observation,30,20.833333333333332
0,Fruitvale-bound,Sunday / holiday,PM peak,Observed at screenline,113,78.47222222222223
0,Fruitvale-bound,Sunday / holiday,PM peak,Observed elsewhere only,1,0.6944444444444444
0,Fruitvale-bound,Weekday,AM peak,No route observation,48,8.450704225352112
0,Fruitvale-bound,Weekday,AM peak,Observed at screenline,517,91.02112676056338
0,Fruitvale-bound,Weekday,AM peak,Observed elsewhere only,3,0.528169014084507
0,Fruitvale-bound,Weekday,Early AM,No route observation,6,3.4482758620689653
0,Fruitvale-bound,Weekday,Early AM,Observed at screenline,165,94.82758620689656
0,Fruitvale-bound,Weekday,Early AM,Observed elsewhere only,3,1.7241379310344827
0,Fruitvale-bound,Weekday,Evening,No route observation,139,17.639593908629443
0,Fruitvale-bound,Weekday,Evening,Observed at screenline,645,81.8527918781726
0,Fruitvale-bound,Weekday,Evening,Observed elsewhere only,4,0.5076142131979695
0,Fruitvale-bound,Weekday,Late night,No route observation,13,29.545454545454547
0,Fruitvale-bound,Weekday,Late night,Observed at screenline,31,70.45454545454545
0,Fruitvale-bound,Weekday,Midday,No route observation,95,7.229832572298326
0,Fruitvale-bound,Weekday,Midday,Observed at screenline,1211,92.16133942161339
0,Fruitvale-bound,Weekday,Midday,Observed elsewhere only,8,0.60882800608828
0,Fruitvale-bound,Weekday,PM peak,No route observation,148,16.894977168949772
0,Fruitvale-bound,Weekday,PM peak,Observed at screenline,725,82.76255707762557
0,Fruitvale-bound,Weekday,PM peak,Observed elsewhere only,3,0.3424657534246575
1,Rockridge-bound,Saturday,AM peak,No route observation,5,7.142857142857143
1,Rockridge-bound,Saturday,AM peak,Observed at screenline,65,92.85714285714286
1,Rockridge-bound,Saturday,Evening,No route observation,44,44.89795918367347
1,Rockridge-bound,Saturday,Evening,Observed at screenline,54,55.10204081632653
1,Rockridge-bound,Saturday,Late night,No route observation,6,85.71428571428571
1,Rockridge-bound,Saturday,Late night,Observed at screenline,1,14.285714285714286
1,Rockridge-bound,Saturday,Midday,No route observation,22,13.664596273291925
1,Rockridge-bound,Saturday,Midday,Observed at screenline,134,83.22981366459628
1,Rockridge-bound,Saturday,Midday,Observed elsewhere only,5,3.1055900621118013
1,Rockridge-bound,Saturday,PM peak,No route observation,39,32.773109243697476
1,Rockridge-bound,Saturday,PM peak,Observed at screenline,80,67.22689075630252
1,Rockridge-bound,Sunday / holiday,AM peak,No route observation,8,8.88888888888889
1,Rockridge-bound,Sunday / holiday,AM peak,Observed at screenline,82,91.11111111111111
1,Rockridge-bound,Sunday / holiday,Evening,No route observation,43,34.12698412698413
1,Rockridge-bound,Sunday / holiday,Evening,Observed at screenline,83,65.87301587301587
1,Rockridge-bound,Sunday / holiday,Late night,No route observation,3,33.333333333333336
1,Rockridge-bound,Sunday / holiday,Late night,Observed at screenline,6,66.66666666666667
1,Rockridge-bound,Sunday / holiday,Midday,No route observation,22,10.628019323671497
1,Rockridge-bound,Sunday / holiday,Midday,Observed at screenline,185,89.3719806763285
1,Rockridge-bound,Sunday / holiday,PM peak,No route observation,35,22.875816993464053
1,Rockridge-bound,Sunday / holiday,PM peak,Observed at screenline,117,76.47058823529412
1,Rockridge-bound,Sunday / holiday,PM peak,Observed elsewhere only,1,0.6535947712418301
1,Rockridge-bound,Weekday,AM peak,No route observation,39,7.414448669201521
1,Rockridge-bound,Weekday,AM peak,Observed at screenline,482,91.63498098859316
1,Rockridge-bound,Weekday,AM peak,Observed elsewhere only,5,0.9505703422053232
1,Rockridge-bound,Weekday,Early AM,No route observation,9,6.976744186046512
1,Rockridge-bound,Weekday,Early AM,Observed at screenline,119,92.24806201550388
1,Rockridge-bound,Weekday,Early AM,Observed elsewhere only,1,0.7751937984496124
1,Rockridge-bound,Weekday,Evening,No route observation,165,19.855595667870038
1,Rockridge-bound,Weekday,Evening,Observed at screenline,662,79.66305655836342
1,Rockridge-bound,Weekday,Evening,Observed elsewhere only,4,0.4813477737665463
1,Rockridge-bound,Weekday,Late night,No route observation,18,20.689655172413794
1,Rockridge-bound,Weekday,Late night,Observed at screenline,68,78.16091954022988
1,Rockridge-bound,Weekday,Late night,Observed elsewhere only,1,1.1494252873563218
1,Rockridge-bound,Weekday,Midday,No route observation,121,8.923303834808259
1,Rockridge-bound,Weekday,Midday,Observed at screenline,1218,89.82300884955752
1,Rockridge-bound,Weekday,Midday,Observed elsewhere only,17,1.2536873156342183
1,Rockridge-bound,Weekday,PM peak,No route observation,114,12.998859749144811
1,Rockridge-bound,Weekday,PM peak,Observed at screenline,751,85.63283922462942
1,Rockridge-bound,Weekday,PM peak,Observed elsewhere only,12,1.3683010262257698
